,KER11,KER06,KER12,KER13,KER16,KER07,KER14,KER01,KER02,KER03,KER05,KeT01,TUL07,KeT02,TUL03,TUL06,TUL01,TUL05,TUL04,KER15,KER10,TUL09,TUL08,TUL02
1905,91.52852084840113,128.25337735230278,126.92029251663546,64.20693708137141,44.904530171606545,112.90470664619754,0.0,305.86567000891546,0.0,229.9118843649495,200.3645181237137,131.9862575786531,30.918060145867727,41.483971076803066,58.450613041250925,32.928782248234036,288.3860356020485,40.95181976559627,50.95468250311719,87.23650369589065,126.71772237456358,8.28332626496675,28.203987801124445,220.71634946202215
1906,87.28271697088717,120.12386905491118,127.71177294444821,44.44545402394357,44.22898904506117,110.40102237907719,0.0,330.00682634610314,0.0,215.12876017323927,232.63199620291502,146.612246136068,25.69672429932945,22.898278678310863,50.72036302343102,32.81404703350715,242.7002267535821,39.164581438758965,45.12830453560835,76.54723941787672,132.5204823792562,7.87301235438158,29.860942171957245,184.060418150687
1907,87.98023854969986,121.01652782630626,137.95513161976783,15.792658205556203,42.153732939366265,109.44719671511436,0.0,250.24753304039962,0.0,240.01301951469645,112.86537843393319,101.65362118583705,6.400242885072348,0.0,20.96176257667357,18.249631750615954,65.15073971252426,19.337121226349755,12.918452438207124,31.125093673828136,66.90242473565837,4.4420801174549265,17.186268452999855,88.35202283453691
1908,95.9307112722414,137.67076195816037,125.15127936780094,32.28427571018807,45.586831814798884,113.77636071109073,0.0,219.50495827603163,0.0,200.2123922075497,161.46168042867652,134.12454945368995,23.06570144515275,17.259414720572295,50.13670094574076,31.763604516491313,224.4017518248505,31.84003707135532,39.587853869843215,67.42766623679698,118.07088300998177,8.09588187219438,31.613047577100154,190.4093806646334
1909,90.99223646486567,123.28344800087562,131.65962885452828,19.95171974410991,46.455657439438156,112.52273538221824,0.0,232.8542224332385,0.0,208.95665721032807,134.78240906551736,127.01816673900015,22.781416473794895,15.08388340852676,50.858996009700654,30.07262091289141,186.95139654595326,26.227397770400984,38.33506664696013,68.94707875365367,108.91750688119731,7.683590511142111,28.293274572383478,158.22233749595864
1910,87.91207570498591,122.2995592050692,132.9744192187577,38.34679752979491,44.43593374687219,112.50171546038723,0.0,310.9105180090876,0.0,232.91565366027106,228.14143152148102,144.30174823631748,30.91851376481645,23.61200228986724,59.72848814929279,33.95711470196088,287.910790542516,39.62767895017532,50.288948625023515,87.01789889178954,138.926522061273,8.21835717774128,29.002477377313838,191.85707417433892
1911,80.97504334212516,111.4162344732295,136.35724053198277,12.852334081944324,45.31503183090053,102.99511635197096,0.4097856550382315,234.17413606774076,0.0,219.7868749735251,88.88247243828837,108.85036120324543,8.744176636145093,0.0,27.344929920898167,21.05285339451535,71.75240288825316,17.093585852320388,17.363900632203244,40.04994931816308,73.86547104092578,4.971363792273116,17.99618573347385,85.77398680911746
1912,91.99208659215813,127.62812467923781,129.9553613260667,4.67053535855468,43.09788174911855,114.85447603740612,0.0,170.7401134628102,0.0,246.10642530319538,21.487746426925934,53.84861016608332,6.627485375066494,0.0,18.348075014525037,16.759200749633543,54.153566330732566,13.403007329818262,12.019578425714982,27.54158085587882,54.62209417748616,4.63891867569897,19.941585489709333,89.33243943607378
1913,93.60114639653575,130.71359366164387,127.19402665834693,24.669192517087872,44.0432480557692,113.73127596945358,0.0,213.19440839562532,0.0,201.01076548104066,164.6753512584051,138.1997460271623,20.953742966648818,11.078371428833712,44.71186602696724,28.246985145277343,194.289244068797,30.791565654427153,38.63434941129961,70.98792508020556,126.00906931829603,7.58562438114512,30.491671041563293,134.16053514336087
1914,92.12133915936778,126.9458288375236,134.07880598340768,17.367301900198626,48.123613189923724,112.9145632122226,0.0,241.62333219343498,0.0,215.7508916786976,164.03453127211878,138.22513901404906,20.88516559633492,2.2528127501350688,45.50321171802547,27.141663887456957,185.0078985399105,27.751822480160385,37.23201395536908,63.874263324679085,105.18561552451835,7.117942993827671,28.772022729111402,133.05859239955691
1915,86.16921519522809,118.41108350761917,129.89291434655948,36.62172825030609,46.106742190444706,108.24757731944864,0.0,305.8813258079523,0.0,219.83908114446774,223.2636756375643,145.85151808853132,26.972216624683444,17.74013498638988,56.738825829426,29.67894591967258,251.63603827880164,33.429384287667894,43.710716063712,78.2760309379045,131.26973363639013,7.266214997771979,26.395073441930805,183.88071089195705
1916,84.94257108334067,116.70188606992289,132.99224952189448,23.693652490580014,45.95014333733517,106.37985575887423,0.0,254.40484449406998,0.0,206.41087245034205,137.88093377210208,132.73665194256878,18.567604040433256,1.6552636311876385,42.918171394452486,26.9381426136656,160.97940577484465,26.311956704082885,34.70807981734428,61.98556052766671,102.25236978092562,7.177101325445371,28.058440709355168,142.23335470800964
1917,81.58244003495041,111.20096265260015,139.18796449912548,10.1099599195122,45.99838724656299,104.33157005607256,0.0,221.06641438346782,0.0,215.70811422359992,117.53205340004536,103.16616839136722,14.56556176582386,0.9140008971588316,36.43491514787412,24.479670349985035,117.52663154337407,23.178344964324513,27.729651936695024,59.11019889335449,94.76750310623346,5.839828915022546,22.551078249966032,120.30015901905526
1918,91.0241814999091,123.4735462452419,139.63099951144613,8.35228095782517,46.53209982042509,113.4298097288004,0.0,206.00412892700191,0.0,220.45117661736646,59.30987636155352,105.10213443232747,13.084362451691923,4.282336890361094,35.045907073020096,26.8100908835105,97.26192526756199,22.581810778234736,24.597326787603627,52.63702159615828,94.44937346370504,6.732023253706712,26.264833053717386,109.1074579512024
1919,81.14188350881567,113.05467627134618,141.16586181866833,4.47448669401943,44.12903935447121,97.3793504519105,0.0,145.67215573278634,0.0,195.17785352943866,56.553873277844176,93.89323249377951,13.01802107583922,0.2674820963154863,35.2551180057293,24.765713867102093,125.66978926875476,21.940852734622435,24.94753860880498,50.2966555118323,84.28732029673293,5.796089729199681,21.24725780497449,114.80501718004936
1920,101.33930960986656,139.4729707170416,133.828784892153,9.818550946452381,48.36384617338739,116.79850396828073,0.0,185.5244047196941,0.0,198.86942182586805,112.76413727259086,136.188622502083,16.825657717854632,2.941683151252961,41.25989193648585,29.23660928783372,155.90889993945487,22.65265839471809,31.034747034206873,61.56730349463896,116.47951265137272,7.9070454178529905,29.91435981550581,111.95123512140466
1921,98.92175707657341,139.18093953602747,133.432424330234,21.106890058931498,47.57843276104553,117.99724449042759,0.0,210.0181581207487,0.0,214.54462154386547,159.629408418405,145.91943424686312,23.013439239054826,7.427638633411186,41.15982080024685,27.515372205524987,183.29588466300606,28.844714774364245,39.404989567556356,68.72898965772039,118.41193714448589,7.172056700307017,26.9204610843143,132.7594548940198
1922,91.37494619702707,125.46163495345054,135.14354198996472,18.269776695671144,47.51349707287165,115.73544493089803,0.0,207.97966865207516,0.0,213.79156032933562,187.59267988760598,114.07917880644854,19.976603487743272,3.983808570915017,45.713271818455766,26.85536507138395,165.0566829946544,26.31292250062444,36.86256845134686,63.251148114550894,101.2656262736026,5.818968922942154,22.623722779639408,134.74722709861294
1923,69.0573691001614,96.62922855728644,91.50324938390501,3.9691139858099955,22.574613585139378,88.151708531157,0.0,184.9465186585356,0.0,247.2264117777627,38.797060674269254,51.294491310386135,3.51623722443764,0.0,10.517970150573051,8.482708530660618,37.20804275964434,7.483532684925967,7.477481596892168,19.75642827935146,35.9359116202851,2.137385870860005,7.967514822998546,67.95657170132658
1924,85.92857819081831,119.93429514453123,115.37939508518912,2.7129256051944104,42.47607228165227,100.85301756801564,2.205192963025978,169.37004412970975,0.0,213.01907074817584,53.56103494822088,90.82133513725269,13.022170989368691,0.3905373281598102,34.963220843043715,23.42825293298897,98.35165851605521,21.03872942965103,24.87855134875565,50.782926864564736,80.7191586944005,5.843183696213636,23.270260499270076,102.351105338623
1925,89.16905845872101,124.37829831091072,133.40005441069098,4.0792883933096125,47.14078350434186,105.30910606592722,0.0,161.69512629936284,0.0,236.03928476216794,52.63164662169872,134.92858153006665,12.372204705876399,0.10088060105132284,34.50327927896167,28.882677453777262,85.61830837867434,20.737096213698543,23.593375269642156,54.03775331180097,104.83169375888765,7.2651598639143735,25.224474374181725,96.55255295964274
1926,100.13661327709909,137.60295721991673,126.36154269295905,18.308531696413752,46.2906134691271,115.86891596351319,0.0,192.1883411028694,0.0,201.8639217290647,119.2979176040271,125.9364340400724,19.19599428436276,6.4083769926599325,41.007459919133595,28.36503165943592,178.76052650562107,24.63169741619788,34.08892556220086,60.57289384739891,112.03605424720776,7.397040676153508,27.275945219666138,136.03272769789146
1927,98.36276950742018,134.10346494766122,127.64325849447921,8.246848100849961,46.40590112332304,118.10547028839571,1.3535920868602245,212.39940209989922,0.0,218.89328073700977,87.46284316019074,97.45135114460109,11.459527432671997,0.12719794205001447,31.95224375273377,23.688855525030853,76.94612817408213,19.199146924294123,22.250431401463665,50.30499336735436,88.98038162364354,5.452180702220951,19.07109004139513,92.51537374790458
1928,59.65152603473216,82.53386472971512,128.95280240462768,4.250827883655034,34.48078853205942,75.6963152356851,7.124709263321384,136.99356288389964,0.0,249.7991170305242,30.83677022997881,78.87819926911325,8.855575480638453,0.0,26.323653926543905,20.207633747683374,67.56147325515204,16.72127436641701,17.12276538062628,39.35719616343719,67.84619047212773,5.336725248054521,18.166346566375836,94.5365827845918
1929,61.019640789787964,80.96200499548236,108.31016951294202,32.45765399653145,29.96345227977783,76.9869816135384,1.3450824264125454,184.40291413031764,0.0,212.56084067536912,32.39212352710026,78.64564485238422,7.59485548166832,0.0,22.464707637262908,19.46191647104621,69.23900365267153,16.647011030821023,14.560014790222207,33.50700080090541,69.56483841187926,5.333524864042512,22.21692420445777,91.36412776901872
1930,30.86312457493355,41.64275786991738,108.5278862387052,4.867896663131367,27.6675335777091,43.29176407340144,8.856801839065385,98.82640416374358,0.0,229.8451452886295,11.076124013808581,37.253657657768294,2.768644790589688,0.0,8.239626912258846,8.902239369227663,21.123276992231183,5.789939794001937,5.421894728104151,13.483182456878312,33.07882887741872,2.476225887292697,13.056233509292174,53.30071297994218
1931,56.673099103871415,78.18485335729352,120.74130005770698,40.64314411646386,24.831488720432937,73.42351365549071,0.0,128.26816870617378,0.0,133.86994647927756,108.25682373315938,124.14427311129711,18.40300789716764,2.9447817975245476,39.92663067444227,25.592022155623347,174.07760481661848,24.398782488870594,33.22926457600857,56.90541964537039,103.22862707789812,6.993294894468389,26.10638681555897,142.09262048385622
1932,49.59060089556418,67.08750137963702,129.71866467090297,42.80235593266794,32.23586678245032,66.5683591383398,0.0,84.02442074634642,0.0,140.39485787202003,75.28587372280828,89.84943751578098,9.685237880593727,0.0,29.29237299557722,22.369938514266302,83.13885967898327,21.461682269655014,19.399177610634325,46.624487134916166,82.66453979513074,5.151237990249057,16.939030474499866,114.0851433642333
1933,31.23662782896757,42.214549061457646,102.42174527590966,11.262531713978438,20.196961225334988,39.60756574945398,4.02971136130017,47.940057900037274,0.0,87.50950509718558,19.792232709394387,60.57035000407447,5.543157349366509,0.0,16.471074992643803,15.406511263123518,35.006056310643004,9.113284703226796,10.729835950968651,25.021262073158734,51.58595796205429,4.441746715816527,20.003621225497607,61.19537482722679
1934,50.85851627392774,70.33655807114977,108.09453893833108,35.915705878464564,22.365208454143016,61.81979129359924,0.0,97.82107041238787,0.0,108.42693716380593,100.78643921628893,119.48988642149862,17.443862645712215,2.7799805286879105,38.45299119605305,24.69150468040391,160.4787387650291,22.848255151132637,32.27406518707348,55.041735315782766,101.12921924137837,6.755406546230084,26.911908210706578,119.72483438436808
1935,74.9622827922381,98.21164559367148,125.25882185822798,53.649001270303806,38.27396634133911,98.96310627447275,0.0,143.57389144374048,0.0,180.09536839991938,156.30773127407625,136.53097594749005,22.134683207397302,11.453180998168772,49.23879220471982,30.04478238294566,193.27217817866358,26.60336535019123,37.75781210415112,69.80035643143579,114.29415044859124,7.704954379029363,28.194905778220768,154.9319256341304
1936,77.01510228771033,104.56165731494478,130.15486782009216,53.26959426879033,42.55549648381573,95.24055826261937,0.0,174.5100663761644,0.0,179.46410678355952,166.86839907928606,136.8844142707227,25.332115294520975,14.273030036430326,52.412018449418504,27.918610997363732,202.1937167715138,27.148587136072283,41.39680860521217,68.0310237206396,114.34922177257555,7.189982169408139,26.321082247588,170.82349064636486
1937,94.14616086629216,130.5027630697513,129.2289456828349,44.89746672000494,46.40078069254165,114.44336729889565,0.0,269.8820663946352,0.0,213.0642237366375,240.6857040580623,141.1169465643987,28.826152730676107,23.394518127968208,55.80991497482456,32.09723599267964,276.6150891081851,34.510311824426665,48.77544050924785,84.88506918748949,132.34619974048783,7.747121754979957,27.351798031710995,207.79932603668712
1938,71.69232273929983,97.5357365659346,132.54599202424035,13.40604545006022,39.97537926250329,92.12607891205764,0.0,174.79025913422296,0.0,233.1811044192658,93.6396242940613,111.18144389917329,9.555887802378601,0.06891207295111466,29.096766572143032,21.407895735603695,87.30152876353522,21.357771778561922,19.127976745367484,42.211014638000506,74.96663647998744,5.0885879321520004,18.22973187261982,98.38295813686115
1939,86.50058860578272,117.08531253829375,122.83378535165973,46.732509115426254,40.86697232047354,108.36088911621187,0.0,151.7359769853329,0.0,179.555440219751,70.46985198979857,112.10228544130194,14.822238911936182,4.285612755583972,38.54492348975241,30.331309147033977,136.15381388075778,24.498342579171727,27.121917310253174,56.96034296811793,103.63465959188837,8.240543961714424,29.447213569336355,137.50513762703062
1940,96.53729071709716,134.07999941398865,129.81366318393515,31.094035507615278,46.271619748949675,113.93469828972573,0.0,221.41660394259318,0.0,197.70271699596995,159.28250769432734,130.9698530140321,21.352601448207142,10.991315084167784,43.56798335614321,28.009042077392117,194.0815965000256,28.683313289178336,37.900380028703125,67.89718162610926,120.23575312814316,7.225953681927033,26.744766054756585,169.04157685421683
1941,94.48897284002986,134.26236602875514,131.91604766377145,29.209426313956115,48.36101973137119,114.05179001563565,0.0,202.01636269295807,0.0,209.41662186477524,187.2936691118748,144.9307808293021,24.05855493532532,10.616012461817164,49.8913292567026,27.943004723260866,209.55297855957434,29.421852921087538,40.37959720929868,68.9753952924833,116.95101621398119,7.216795507550421,28.827125526306414,161.73762410559408
1942,92.91884890000307,128.07153629759864,129.41009055540394,32.20888782876553,44.78961949077167,113.24644998573612,0.0,239.32905297926197,0.0,210.01410157555884,186.52426017461227,137.442388773309,24.156788136811098,15.562412379465815,51.66015861221606,28.928129140812647,239.74043506796139,31.57268315933379,41.88310276354515,70.83357930623572,113.07653189638675,7.143079116793693,26.00530562363486,175.2172881132963
1943,75.60803409119472,104.82963132788177,135.58607423609664,36.381566962477095,41.616616237998876,93.64312747972596,0.0,155.00236182866453,0.0,203.77798845622885,75.23401357610526,94.56156291101749,11.538032526557629,0.05625135326934866,32.68910860174821,21.988740407304665,104.22892726531879,20.968460987454666,22.36901727543784,51.79469033669798,87.20990357271907,5.288091538105236,18.686048195148114,103.61083577648564
1944,77.66220889009483,99.56099874638349,130.67801041240799,55.759927070140364,39.471596438459436,98.23117457038785,0.0,150.12615463289953,0.0,207.80978406717404,136.21324567437426,140.0548093455078,19.792875292517948,6.424694095707092,48.6607107402163,31.9265191870584,188.75138739004308,25.573010140196402,38.4917801331544,65.29159356690103,114.20750140331465,8.7635520644433,32.3688519939451,159.6852635375571
1945,82.53256270271287,110.92521483118085,128.9331978447567,46.87464383443941,37.60220286684578,102.64213513537737,0.0,175.54464897564452,0.0,179.87484037763997,179.02083366729354,133.45384480817447,20.32423908398131,4.827317848536019,40.10464272489943,25.737006766119027,163.86284118454438,27.230706596610183,34.150338728714395,63.421588942176264,103.94981104513228,5.70424638859414,21.796054475054937,133.28993052959433
1946,64.84706544092408,86.95044472091482,126.50184107444599,51.134777727537234,33.828303894259925,83.70661310158171,0.0,143.46507912693156,0.0,198.69600087051143,54.81429807486539,86.74461794603474,8.925469398433744,0.03664207885647286,26.265196984823298,20.454554309466783,66.2267818044908,16.784049973991735,17.781620262652027,40.98625215724755,77.73583858009692,4.9971919117826005,18.73791926353903,96.6808366051951
1947,61.52639675095588,78.00043090485741,84.96154310154273,36.50455216293017,32.538796853753496,81.08137517331781,0.0,136.507881458987,0.0,151.32843307865616,75.0923507175114,87.1755553972794,14.736910775614195,2.922492734531228,35.56555543080871,23.893811912148976,116.48516675307695,21.214568740917045,27.215660012713155,50.0829839058349,77.46147560223972,6.113220261502679,21.740998412580296,106.39443186728187
1948,68.97112669704224,92.04765767828633,103.28100535708894,41.744022605379136,35.80669593507048,87.56538686729074,0.0,149.11748379261198,0.0,153.49050805644563,61.72003601620112,127.33552361263912,9.785818407672572,2.700120852017207e-06,30.10214494131892,26.343967660225296,78.69638432044773,20.529170427278945,19.330489870672572,48.74466076347048,109.25698366073694,6.644541821150715,24.523920642257,101.7262917093898
1949,60.86525148355949,79.5854868299975,95.56040747744362,38.85673905454026,35.51253200084311,78.755290423384,0.0,127.25602940509923,0.0,140.48954794109164,38.66661974797331,81.96903698029378,9.081207395463757,0.0,27.405110719669402,23.2061151270439,74.68749685118736,18.79953953712715,17.92691249383695,42.45394699419919,73.7136116672512,6.096565923934353,25.648471577470655,101.11382969669586
1950,95.74458883342957,131.31331404368538,121.50077761199046,15.455588172345257,46.401376417711724,113.52780431660773,0.0,230.3173006241961,0.0,179.30074930356574,83.74380213006098,97.12320960996902,15.846142614905862,4.46141476186111,38.703077402056536,26.014744441235937,129.26280804890445,23.513681031975356,28.580690875634314,54.54955346760156,91.32872512233787,6.589019824133545,24.764514178082525,116.19409727270047
1951,103.25975018391462,147.67517000297647,132.1806123696922,44.7072598401079,50.43697698261845,122.95371993701752,0.0,212.83965887736701,0.0,219.9385989510632,217.48877788992542,141.0507606264123,24.13485784576905,21.226823770490423,58.28080225636344,34.38527881707992,249.7169185979478,35.60470057392642,44.311700641890525,78.47007067753789,137.09924177762292,8.52333501470959,30.86950073809822,211.46526452191642
1952,94.58883939598351,129.29287792357283,133.94059857371852,17.48513477272597,47.78923436663191,117.78833840718033,0.0,210.52087033904115,0.0,207.5414233074257,92.25845681677838,128.2642324001136,11.522290769869969,0.27892234511189967,32.02160382309636,23.06004136632706,99.43830531857596,22.245989043501385,22.45204883939961,49.97527774263365,84.79648410346901,5.263017737727471,19.247540325684255,115.15123127579149
1953,87.80865556467317,120.01106632283043,132.57379642373348,33.2778400518595,44.54888066876205,110.7364858192656,0.0,193.95345938168958,0.0,213.60700652886038,92.38040433267132,106.51075353510294,15.910331882867418,0.6504099762733868,39.17936609748982,27.876447771144193,140.47851866063368,25.587555901358474,29.74144982368882,58.59427139859341,101.62167444630717,8.080712969542134,33.25183658994345,123.78575637208496
1954,75.38229609611437,102.67558235114146,133.25594921602004,25.82453296092582,43.16823167566399,95.75657913583935,0.0,201.89147358809936,0.0,233.15621049968163,122.02262410453858,105.99342298835687,16.190376470523294,4.693706674028034,36.867626314466406,26.64424576984416,135.20672519431446,21.298615731578238,31.83768322999757,59.57299093595244,96.93920423469666,6.058240525909585,19.576567147035025,105.35513531684151
1955,85.96522059626992,118.6639344642071,124.98208616810352,29.255536319747126,43.49158511875113,102.20358875758956,0.0,192.54119073682892,0.0,198.97258291079848,162.03804030374278,134.01604335155116,23.77870702839536,12.271436744723603,48.906506287944076,29.472394288589378,207.8190534615477,30.0396221786053,37.86038097194977,68.92680913753036,121.9262739262532,7.60474192754932,28.470641860845483,152.15241652600662
1956,76.80049957800847,103.43993557328962,129.36742236177437,48.2774241335871,36.16012152466995,100.92045338972615,0.0,168.20215228978404,0.0,194.67185281051025,147.42474840838094,108.83118429641421,17.088027215790756,1.6971219703335771,41.15376346471505,25.83945788100155,146.62911592643286,25.166794025135616,33.18910469168781,61.25903867128879,95.12599067615649,6.124690153693294,22.253721612868947,125.16720878505136
1957,96.01750540108002,132.90974277504085,131.15366871015397,25.96342205910996,49.15463080917536,115.19670611533311,0.0,234.938040277637,0.0,207.9888681509012,194.6245719855407,148.40839046985406,24.513915589200348,13.612369726411758,51.64433132653719,27.7839122881605,226.67352109685086,32.358562099920775,42.13042259090935,73.77684019494595,131.32328027070986,7.059111800672935,26.317355583998165,189.1506965818522
1958,80.98606620403834,110.59058971746148,131.9107689105053,22.849175439926533,42.15730969199635,101.52756624023243,1.2114329036166664,191.0405207855163,0.0,226.17766397251864,97.36126835642828,121.25757419452194,9.485611925182425,0.10269063901817167,27.76149358585593,21.98871308936272,66.25725499401648,16.710893597242915,18.403304190883336,43.4185936652347,78.61341499133363,5.1945933625798935,18.936695581846653,80.50614060265144
1959,72.68163232543424,98.20319644483128,109.5133993669307,30.70829736309178,41.3787193391769,92.91204883579898,1.0935965513472092,172.242917418707,0.0,218.11974363648037,42.824003645220344,74.08420665963949,8.540930823613618,0.0005764159227057406,25.886125671781276,21.9848150620087,72.0883028306545,17.538933239605075,17.325369812970475,39.86533215225928,75.30157558149061,5.851610778516059,23.872955774685515,92.9194578628711
1960,56.34439311640303,75.63976191766577,92.56813879701373,36.33211628997455,33.75324161932081,76.12091301566934,1.7945121672914395,127.99550384665316,0.0,162.72057400309626,20.917645696179836,53.19907245043838,4.958828466969514,0.0,14.648205500311352,13.182840578790277,35.69537028920489,9.278467228472744,9.564779785596405,22.47791725441338,47.134116703869786,3.6529567427891756,16.803691844402337,56.001019757779346
1961,58.37416698635306,75.24330702828905,117.41189937029904,43.97077139457458,31.94693052115767,76.78494890511399,0.0,166.30404669979185,0.0,145.17450755471555,116.70689631611427,125.45520405456558,19.176354615644296,7.887415270098016,42.574413284128866,27.107092930125365,178.96733270843046,24.225518646591347,34.836521140674144,58.67033590655589,104.97405878331499,7.043677269668288,27.86847506427474,138.3535098646512
1962,94.58581528460718,129.25900607836917,132.46912851772925,22.420819822466015,49.194510629104954,115.10630464614769,0.0,202.07741822704426,0.0,190.64767244276607,118.70409635845829,121.13415170933672,16.745401644152096,1.274162879909791,42.8468620128369,27.525933241584088,154.36282815585432,23.202195561016126,32.39956862260162,62.279389712384706,104.19337292927138,7.217358462854244,27.009400903550112,129.1547840887438
1963,75.58811663831686,104.0838828143398,128.58285461306164,39.97407979901854,35.442471109822506,94.15833630139976,0.0,163.08969454079002,0.0,223.6755769587733,72.01350348323878,95.38088825293968,11.918681802878911,0.18880731726810196,33.196739912522276,23.850851369242505,89.9998226705124,21.231772597716745,22.69183546349192,54.495784618293705,88.20040982453754,5.421803065819171,17.806917398856697,97.58278851454457
1964,70.09629546879967,90.60738258920351,117.70684276167385,45.6010463846377,30.814439748873284,90.19182438087778,0.0,141.71009670535912,0.0,147.9685458472823,121.14315152988898,130.44615184439513,21.728336389257727,9.474126794406217,45.26938869058503,28.82449577208002,187.6488292913172,25.886432299682156,35.44374134521801,59.084741904669,110.84515163308426,7.925553558590255,28.758213324599968,143.32260477607727
1965,84.76048729348838,114.77737608980257,132.03784114502741,33.15502296910252,44.07274407825214,106.28751481427213,0.0,225.1730906806195,0.0,190.02746971166485,73.47794862437706,99.5002763325404,12.300219691553929,2.016183605932413,34.29827087054249,26.990236626916133,82.85504727609894,20.1141934797287,24.40170234205153,54.22186032670976,91.26834153185128,6.172975993072055,23.31495657087673,103.55155465385917
1966,89.42088409726709,121.8235048499651,132.93080082734096,50.76775812356437,48.32506040312318,109.76820608789927,0.0,266.0647291739717,0.0,213.98557282535532,187.85342219427199,138.6861690836864,25.850147823407017,25.99516409734159,51.94848632543469,32.09404667875151,246.87108266011478,33.7722330278228,44.31452030150187,76.85466853757202,129.5344256561473,7.665473878762377,27.443727216264673,199.24796855397267
1967,84.37830717634552,116.8113045665991,136.39838589908805,15.43242602804781,42.85963943410108,104.75572857525437,0.0,194.0170096842703,0.0,237.77167847364493,84.03081808337271,78.76080575612903,6.266612318890974,0.0,19.557779936968885,16.56341867260241,55.24061597248247,14.788860537645334,12.302555395765724,29.183558470476658,56.58169640136593,4.037213985108055,16.53723012529391,85.79848452885668
1968,84.33854875657606,116.70317093706548,121.4151653588579,85.37147819848866,44.93756775903189,107.4479540673374,0.0,262.79855901834026,0.0,224.25028730900735,218.0000907798756,140.0287063774259,31.14568386295737,30.787713966863933,60.100269585562536,34.352724951133546,296.31317581032437,37.57902705381145,52.23842686117261,89.3042422060265,132.49456304660842,8.612555721853289,31.60854436006022,203.53576382981706
1969,88.50846650190032,120.07516846543889,137.36261315388023,23.762568792667903,44.13661121681608,109.42287328604212,0.0,251.77340447364116,0.0,231.491608644353,136.16085463928448,118.18022053434314,15.822949654128395,6.9265995601977,38.35081443211422,25.944528432142913,134.98426098234364,27.655931719944043,29.241702235000403,57.11879708307454,96.99252575318773,6.558328433958421,26.202580923318127,115.19032428482855
1970,101.92964416858591,139.65503229663116,135.76662844720127,7.804715835164399,49.38779158093423,123.248646434779,0.0,174.9144450565618,0.0,212.54492392026646,49.00555698798221,96.70213655746866,11.252869969889469,0.05207065558209339,31.856711727107776,23.02133035434577,87.5239609972231,19.974491600365845,21.132880930721903,46.13626122281382,88.71066260347087,5.207588424500583,19.704232016700658,102.9381689009127
1971,98.1057753281813,138.92400833843953,132.30431265425588,1.2222941939672165,44.876262083811554,116.79889751731547,4.921094468842708,202.9054035339097,0.0,249.19719367970927,33.32372290093251,109.52901548592308,8.889587487375982,4.8810175357030805e-05,25.954377341729366,25.2047239927075,57.20531973339712,14.493959421916546,16.508329243604422,41.05018081861991,84.80213442784705,6.9162160924264455,24.580657838935814,80.50492256239013
1972,93.07908381168927,128.4270134473058,126.62320402938964,17.847312058184773,45.92256346718141,110.79480946496491,0.0,177.7011981040176,0.0,192.04819014421824,118.50098434821786,130.63432963754877,19.58903375737119,15.850112206313032,43.288615084727745,28.545669291203293,192.03435954886328,25.978023267590995,36.5089865433328,61.423443836589975,115.73415311775466,7.860005719693707,31.404892309132002,167.85018024503663
1973,101.32427260118546,140.76562170504084,129.46070870392023,32.07873807946879,45.199026100605366,120.5364479674414,0.0,211.0415601886184,0.0,184.99183951603334,161.55226821201856,133.47640260318883,22.07823456942025,2.602027502540736,46.78521304403614,27.208162559197376,190.36770825887044,27.775923145266646,38.37028848141778,65.15211007052147,113.13640499273419,7.147216324900086,26.78206780397359,151.45053638925611
1974,90.02058206148601,123.67472231026693,129.26293034421707,35.50304501962304,46.041909685163176,112.86290125263068,0.0,254.74607132088266,0.0,206.24465068875548,196.98597690828996,132.91626431533106,21.472473571366358,6.432217001889932,46.09734261845076,26.767633498967555,197.28722805075748,28.067097905774816,39.47412986332277,67.37383403152656,111.08962172947065,6.6938543060164495,25.14356529929869,135.85806870975046
1975,63.635892887220265,85.95824495045035,104.23876946672908,16.330568176630887,30.290785561943167,83.29755750941236,0.0,143.2646610692777,0.0,244.24738306956095,60.717038620163194,58.3701246670436,6.12982897540547,6.118438255986458e-05,16.95385291279531,12.110392437229997,44.67563229675251,10.80189743699904,11.535922274194611,27.070601019670875,45.208877886825505,3.167851094092435,10.890685467366044,74.84025329563396
1976,22.522243688791573,31.28568538693187,84.75969990056565,25.89816605952103,12.980007197408957,29.77884031548018,5.084257404724332,30.964093760895015,0.0,65.7735382825596,16.37593978586169,50.01482898772827,3.8888629372117904,0.0,13.050734413876059,12.954719018013046,26.74492347458645,7.2368430779173565,8.697501210468596,21.103152158257156,42.97836255723538,3.3658175850106176,14.57070841524729,40.48414984812309
1977,75.60200895446178,108.60058129153816,129.719930508997,50.05959949925766,42.539854512544196,89.40149257440319,0.0,179.43625901651677,0.0,188.92605729135877,177.10838316579722,128.07009491979807,27.367969351582662,24.714051884964345,52.8735499547074,29.725386439234097,264.793390598167,33.359157507092505,46.37086089263099,78.20414246964413,118.78080224098944,7.415927469777564,27.023524317423686,205.85989168622964
1978,84.36223367994887,115.93000011079505,131.029182805684,44.60952146944366,44.03851692190169,103.8650018248526,0.0,210.87476405519908,0.0,201.7459107155864,140.85721042313338,129.4757770160776,17.916390016414578,7.95040881059172,40.46697565292313,26.00151426536811,160.93527897422646,27.433422246403307,32.30641157874101,55.57926410693509,103.55442020667269,7.024117938558428,26.978275977132594,126.65741704632585
1979,86.3907775348541,118.43666298439824,132.73665897855778,55.68475366260603,46.90688049976716,107.5545628277589,0.0,241.04076689164884,0.0,219.66065354076787,203.52740937915738,144.8573796989077,27.10860259027439,12.304739122029325,55.413735433472105,32.017809512512635,241.54773571833934,32.60104218127244,42.442913539265675,77.59842011259077,128.3852002425139,8.19751472786509,29.373395941896597,202.83543223029525
1980,83.43646846301941,114.29473167731497,136.71886113839273,14.488043906056046,40.360355352212515,105.11107962730543,0.0,178.8431722387088,0.0,223.34395087794414,57.9936590928029,92.36131419317957,10.679535939880248,0.048826995948687724,32.60401447768297,23.2486487513385,86.20776073064005,19.583437926841732,21.504825983458133,48.51644223811942,83.48963832879271,5.432701678762311,21.307069149184414,96.09400843548804
1981,81.50532726216196,110.93477588994935,121.20908317673137,44.39996532518585,40.50925543977647,101.68628177305791,0.0,349.0342100607968,0.0,213.56465294872294,192.65360197402782,131.39129454360918,26.799565762853863,22.235699063614604,53.997998636243715,32.12393362843347,248.72870941809404,34.52208797471441,44.51349015182271,78.95142570959352,126.1463178929747,8.181537105545148,28.79609109328737,196.78131759461849
1982,76.39607880681281,105.60998458458862,126.83264715018048,101.22770490686528,45.787845422474035,95.6183753483117,0.0,303.22738843929335,0.0,239.92634996000785,224.79520263358702,134.6235654305647,32.30863006558499,39.091500230910306,61.22782987848882,33.88533783240014,302.7454134385004,38.88370417972513,52.370660184591635,89.75728599312806,131.1740943112839,8.539728012041701,29.54859866301319,212.0438760939213
1983,81.16528776110184,110.2819596989698,135.57202766771832,37.541556510100996,44.730121060146026,101.92164863376254,0.0,228.46289109720607,0.0,230.5500307986191,117.72276155230891,121.0374697911146,19.9407691661314,8.303134974944381,45.29323967603201,30.729689336608967,154.32268424498386,27.699617492942288,32.996285119294036,62.13674991923157,108.79632509947398,7.962098888198996,30.38563169709082,131.48927084387324
1984,78.19309081320992,106.28618604069646,137.09745929619086,25.236365910775937,46.049384749591766,101.06849719565983,0.0,187.6497570034484,0.0,227.629921594243,64.97922118922062,81.26596643359179,6.288923745831395,0.02009623442209207,19.17748799746276,17.065142294165934,78.37716065803885,21.26659367394601,12.671102142169334,31.997769273131667,66.71737431622472,4.15851781434235,15.506914702975696,100.85755639164304
1985,98.32557740033832,138.04163946523767,126.16380023520254,39.29710586338045,46.9777749248402,116.68209283149842,0.0,194.652114045552,0.0,208.23190232320133,179.41746426615885,131.2663650143278,24.49924875282147,21.805455132881907,50.15635119312276,31.250348898594716,240.8358360812778,30.12534615316432,40.49507783272568,71.50464143105566,119.7154414400061,8.023659838779409,29.21024973518479,188.76278920953285
1986,67.9531253328202,95.33245089818584,129.5955283079465,10.799214476264847,37.64110556340391,91.10676541094654,0.0,87.49705978157874,0.0,233.813032855127,44.850013542698605,57.75458774222764,4.9196275493785695,0.0,16.44653261313821,13.696859599697198,43.87857556982351,12.709949322684487,10.636106757619554,24.55173555217374,45.67635007001798,3.3010066917884697,14.236945691222743,79.17838115754479
1987,53.42362727820586,76.00066624957934,125.41578608023026,3.0860924047503095,14.075341054413968,67.52248817855593,4.068412733920607,54.887689645112594,0.0,187.3095442374255,25.689318053892187,65.67733690166159,7.746718755635582,0.0,22.029924929598582,16.789854217773417,52.95534892804312,13.143104139254813,14.345367136936451,32.422933078231424,58.02563789194157,4.2751995695807405,14.696363196473934,80.88811150179244
1988,84.96066689326182,123.80258622257585,93.96602479425292,2.508781826052683,40.471821934294816,93.33194390760639,0.0,106.8803780765939,0.0,138.7547033521006,32.517733600232084,86.24963603585275,8.98657053738524,0.0,27.015616361624907,22.10315648681999,69.64530304297007,17.116664230486414,17.63152876377465,41.08329735169976,77.2926488525633,5.515275706700782,21.8072956254043,89.19101248405309
1989,66.3349261926497,94.26863250326772,94.28101410442734,33.404745568042046,28.42805447329247,86.78929855407482,1.9098493597964739,97.84291401698583,0.0,163.41358464234332,24.10057932758324,68.47813198643077,6.728502820392752,0.0,19.51537263849493,16.818768481071018,46.9692109321157,11.797830304717392,12.781027918204808,29.43854536225838,60.43827883129776,4.757371801134294,20.672532004686097,69.36629725574092
1990,30.653389262029357,41.35461745501055,87.4070974751746,29.228016834091623,11.940138344163197,40.35642809486896,0.0,43.13065241875352,0.0,86.16598027616783,34.15192308286922,86.20110486679198,9.218710534229464,0.0,28.449611894050268,22.240094841643582,77.55504631322789,18.592501454838242,18.56436133669471,43.39460767496204,77.33010802631894,5.417093544496147,20.198309451117915,96.89432514585341
1991,25.434569721821923,37.033544003003,94.49230962209708,24.80004978856129,10.63093915192584,34.85958174959587,1.3363795330233192,45.02011894721883,0.0,86.01187302668716,20.24191985967722,66.41597919413141,5.4789362664438075,0.0,16.240520824949655,16.239053996531652,40.36959416254408,10.660578570611642,10.50831257929142,25.13327258631833,58.75464397816085,4.670918473129915,21.25010662127799,72.16262963574182
1992,53.77491629149526,72.14573708429147,117.9584869469663,51.11451779122689,21.146375785948518,66.46368336058764,0.0,97.78177446596152,0.0,112.84457699825455,169.41673469851426,128.93379780601802,21.302949287318697,13.662848443581566,43.67774803684679,26.350553686238804,196.24883970348762,30.48321641670076,38.193479039907814,68.39727493366172,117.49634965901214,7.0001098051904345,27.33927723491769,151.22032841551376
1993,56.47810894098904,76.33436725567873,105.98143081098621,41.42621245015808,31.290153161716983,74.85534882155042,0.0,102.70297403784339,0.0,154.1711062182043,69.57864463654175,95.03730932447274,8.372435373815067,0.0,25.416667322375233,19.66349112952623,69.09986918605598,17.168596363761466,16.525376205493764,37.59143751681872,68.27716324938302,4.761011394606396,18.124589802004262,94.19018756310172
1994,76.14646777425658,101.3054230327296,121.11362462641583,53.50229068573073,37.21530539796581,94.02028570430154,0.0,118.64514491967594,0.0,156.59214864226178,191.9985601310093,129.16257815089352,26.05127540920395,24.64519381300593,51.30060421192222,31.899285912940893,248.4002146097412,34.45434417928085,44.661697703551205,76.6469895327174,124.8166837708114,8.008124043807088,29.42730846187912,192.91049086384774
1995,102.5914725797862,144.32102800248623,131.19972242207814,36.24984107144431,49.78089165824337,119.86381429481654,0.0,217.57644660396107,0.0,207.6728501870254,173.6833451508299,148.18320418987435,28.29499244558212,20.154694842185794,57.266975542604484,31.385031687174326,217.59964112309137,32.626783139676135,44.90813918366193,73.1864528177011,118.71972639722698,7.9441883194483385,30.03777720837444,172.99803179765485
1996,94.3186972832293,133.03832771931565,129.94036009358243,44.93278363553031,45.25128186646337,111.56289006043154,0.0,220.2507530118313,0.0,202.1682401571608,118.52386968117735,128.70185175254483,21.21043170603191,11.474971727828962,49.86763677958251,34.510050311892655,184.66705775768665,28.479023178546626,34.7083908310355,69.57855047361294,118.07213164191167,8.722593126484433,31.25953395810104,158.99002439392976
1997,94.78220919106116,131.06573197998486,130.37906950305725,66.58465858945773,49.2906820492075,114.97388554978646,0.0,259.57945115399247,0.0,223.0384689310899,206.57578364836604,141.1544128544383,25.737480747850004,20.77182544171035,54.52468525717455,30.933653288244777,254.51363264943976,33.90877279350365,44.449531499971044,74.81692714919619,124.76697520700381,7.68557960639372,27.72911772907555,210.25538988612163
1998,93.95486506121404,129.2178777193345,132.29901760438915,18.825056400248915,46.477215175264504,114.64905281698336,0.0,233.3442847190413,0.0,199.73791064554163,141.88889825911053,110.34966023488015,17.88488324931432,0.9693222835340911,41.78913752745158,26.52676967343894,140.87359102610816,22.227882762925343,33.545405491015636,62.304927921029496,98.14328467075278,6.030935914707871,22.112250184125504,107.56133985482239
1999,103.75511238658356,143.4861652212125,118.44422023019258,12.119701556963323,51.890303583152445,127.52253721163048,0.0,250.86306853711565,0.0,211.45999481210828,123.94556547748064,141.40955845312357,16.954619380670835,0.8014630251864202,39.932671993833004,25.16875594335618,170.4224520613215,26.862334943684196,31.579086139688847,61.91063925798652,106.98048342825162,6.746346100226735,25.440303181408098,134.17246066988997
2000,79.60499891617286,108.54775243010795,132.12903827661805,8.63145319699521,36.05535367795041,101.9748012235165,2.578654667768635,220.69608932147372,0.0,238.53008999725085,43.614274642844066,81.32363279240853,7.682657502793942,7.822004352353584e-05,22.64321552954936,20.336473374849255,66.12308042068543,17.783993382765367,14.940214920430321,35.17906674750585,73.36888173108203,4.8798019931224665,16.54108172560255,89.00334196668527
2001,85.81936422237003,119.5491589473972,127.41360263775212,7.3855298345268565,40.05078126630936,106.69712803939227,2.884598929338079,195.21550497473754,0.0,226.31283003246818,29.89331402005454,81.79332564485074,8.57647238752008,0.014170786134639377,24.991673374346384,20.628682758770385,69.05884171966065,18.035475158933178,16.613658026829842,37.64689417847206,72.37581917645672,5.410429362792728,21.729818673582926,98.52624363507279
2002,80.71614039514265,109.20380342448512,122.07193879545167,24.604671044628226,43.65258306200983,97.83330938890717,0.0,142.90430736605765,0.0,200.0549791046452,76.89481702864828,100.2762716829655,15.306284620597078,1.8449635413996672,36.841799417921315,24.673482385060574,137.8384102997746,22.36378252841648,28.27040461250967,52.13089250087008,89.79740183637647,6.2547899716305535,22.063768632243125,119.47173996078675
2003,78.83555170080746,108.66176627807428,124.71956803396554,24.20821703540184,39.076889302968596,96.36630406862669,0.0,215.34659345117197,0.0,230.0490533699969,96.16567984493221,134.37874758273747,13.365000846106943,0.42951117533581673,35.99831596456058,26.19689315410904,104.7781002575013,22.65774135736478,25.757667490404693,58.03127350113829,96.72273527232511,6.1790849484406705,22.32182491814372,111.79096281427317
2004,83.08071122718853,113.15347642974776,122.16287762675928,47.147727562651625,42.81703894756698,104.17204625775918,0.0,216.55076194079615,0.0,203.0728826711233,168.99501436693535,131.31822370570146,21.264170041331305,16.13206911602127,45.48099684328568,30.343036730649377,203.87241352468402,29.69807665564269,37.952134487853414,66.8012076366829,126.2431284840745,7.456605134633085,27.090110516367076,164.07334629798913
2005,91.51971265073868,127.41713622331869,129.01476715853033,44.45419614816815,46.47986059207076,109.8640757656209,0.0,303.3864909663806,0.0,218.74165323617154,224.03207762179005,145.63953436061828,28.723332250471366,18.89373001036909,58.00094077108451,31.61760720215037,288.0004237633232,38.399223460170944,50.72200734257054,87.55374508344966,135.44986371219244,7.6065876348957975,29.36720946428855,221.8844112387874
2006,80.51360216712578,111.66305218485894,133.11478959395933,11.33718460406988,38.19484621520406,100.08349725815134,2.727530159188761,212.53937481934847,0.0,233.78932047032723,97.37978598033916,61.74335171510518,2.5297588101419644,0.0,7.517331729233615,8.792501997042843,26.43569239327808,9.716666681076802,5.0329417236662195,11.989186515329779,27.632373983983474,2.0117987983815047,9.927121349726495,65.04980829191585
2007,62.0589393692311,84.09046039670606,117.42333993863065,45.59562107263023,33.05726320219543,80.62639623259679,0.0,153.11280072536832,0.0,212.47777141591882,69.30229077595196,88.79014218003499,13.592128175245028,3.1305037036924857,36.07713997278357,23.678467027195218,104.11518610593171,21.52173378021715,25.297320803819126,51.746253916596125,80.8679533938895,5.702428236899063,22.29201105684115,105.30622946497796
2008,50.89016342354904,66.94013327160944,117.08472533344496,37.23366630371427,31.959320669259117,67.11262016594972,0.3159080377133277,163.6937552923816,0.0,164.01725616477202,99.0118730896026,122.8076219097906,15.457333236158957,5.192004961295184,38.575015484540685,28.24949063097238,123.04832136445685,24.386687458687714,28.23190344842903,57.42195280811987,105.22209639011342,7.537988466187947,28.079413959341082,122.9258109319119
2009,66.82608332020993,88.28615217347358,126.88584095668173,48.71259506874573,36.457229828686636,83.88082923875827,0.0,152.80300505918007,0.0,163.38372139284186,127.52815988361499,128.6988231795422,20.906473260987745,3.7603946022714494,44.5881695214645,27.21757880425887,190.84666237528592,27.497439105148516,36.32131616971003,62.3583935957896,108.27001973326765,7.120246653751341,26.750453595747015,164.93827576371115
2010,93.19943005668341,128.14658668092528,130.00471797807313,49.701886292266614,47.762046977143704,113.67910465693976,0.0,259.17299194487356,0.0,223.93291180944823,217.15386859543338,139.7769382530597,28.625581724076945,28.796682772166815,57.42656150834684,34.09213391245787,260.47037452691046,38.524630114797176,47.40920468857198,83.23319240048205,135.60362301387005,8.45126295921359,29.547153023081513,217.43804351554704
2011,86.16647130594087,119.73997443152096,132.66437977353644,15.944534539972015,45.36964879134551,107.23299367923903,0.0,201.51295587042725,0.0,231.9143002531439,86.134556081778,75.60947627383324,6.023605168532692,0.19973736255636493,16.98807590044003,13.898075400364633,71.35029211655544,18.63437226142434,11.84890038445776,26.07425016477926,49.130367481147836,3.378017371380307,14.58273544466973,94.68835212112135
2012,76.45087328649258,105.33775113203868,97.59340003912278,32.22654380029087,39.208291763784175,94.00390713677315,1.6600480634703734,156.07430784035375,0.0,205.98940059896324,30.24490266074423,65.3433235398134,7.060473337927205,0.0,20.94233943809612,17.158219138039364,47.210499956841744,12.22419089592798,13.56358797284644,31.420109272151084,59.550042191319605,4.387568235960182,15.363607325121484,68.8215274528642
2013,28.770071886386653,39.124579262175416,87.60690639439525,29.538850452448024,14.655051557353833,43.71002844600017,4.416445725267681,54.75572603342896,0.0,129.96317232366857,16.9629824310412,37.984943112996135,3.7014711898256145,0.0,10.933145565870067,9.350873477989126,29.365839940536894,7.482175623388658,7.0875443298485825,16.563929007010696,33.65755186090343,2.5510657548708062,12.880556687570069,47.24672381844533
2014,18.431177310728877,29.213548783425864,88.86192576363726,19.352989789334544,8.547824526139925,23.926007963647923,8.311146048931695,45.28240165145306,0.0,46.11766012947744,9.541267292907424,26.03142950382936,2.708841283580781,0.0,7.860914888471935,6.527308256399152,17.435095815950405,4.5138403159529865,5.1050180186784715,11.867277054728884,23.169118390584064,1.7147797330327048,7.037006456640962,39.153986045118145
2015,54.04956368072544,73.97107238348292,79.82093184986387,30.884950402487654,23.743936339425222,69.64365689713574,0.09816928314148504,159.57758674424738,0.0,146.20542263801875,67.50666179877949,101.3423576318684,13.142537417251443,2.1276980194090416,35.77531574076097,25.41918170434683,107.23826150653309,21.809103565684044,24.92033325936076,53.01937005304803,90.1205880797037,6.516724725974078,24.58157375102509,109.38225057167877
