,0,BDM_delivery,BDM_leiu_accepted,BDM_leiu_delivered,BDM_banked_accepted,BLR_delivery,BLR_leiu_accepted,BLR_leiu_delivered,BLR_banked_accepted,BVA_delivery,BVA_leiu_accepted,BVA_leiu_delivered,BVA_banked_accepted,CWO_delivery,CWO_leiu_accepted,CWO_leiu_delivered,CWO_banked_accepted,HML_delivery,HML_leiu_accepted,HML_leiu_delivered,HML_banked_accepted,ID4_delivery,ID4_leiu_accepted,ID4_leiu_delivered,ID4_banked_accepted,KND_delivery,KND_leiu_accepted,KND_leiu_delivered,KND_banked_accepted,LHL_delivery,LHL_leiu_accepted,LHL_leiu_delivered,LHL_banked_accepted,RRB_delivery,RRB_leiu_accepted,RRB_leiu_delivered,RRB_banked_accepted,SMI_delivery,SMI_leiu_accepted,SMI_leiu_delivered,SMI_banked_accepted,THC_delivery,THC_leiu_accepted,THC_leiu_delivered,THC_banked_accepted,TJC_delivery,TJC_leiu_accepted,TJC_leiu_delivered,TJC_banked_accepted,WKN_delivery,WKN_leiu_accepted,WKN_leiu_delivered,WKN_banked_accepted,WRM_delivery,WRM_leiu_accepted,WRM_leiu_delivered,WRM_banked_accepted,KCWA_delivery,KCWA_leiu_accepted,KCWA_leiu_delivered,KCWA_banked_accepted,COB_delivery,COB_leiu_accepted,COB_leiu_delivered,COB_banked_accepted,NKN_delivery,NKN_leiu_accepted,NKN_leiu_delivered,NKN_banked_accepted,ARV_delivery,ARV_leiu_accepted,ARV_leiu_delivered,ARV_banked_accepted,DLE_delivery,DLE_leiu_accepted,DLE_leiu_delivered,DLE_banked_accepted,EXE_delivery,EXE_leiu_accepted,EXE_leiu_delivered,EXE_banked_accepted,KRT_delivery,KRT_leiu_accepted,KRT_leiu_delivered,KRT_banked_accepted,LND_delivery,LND_leiu_accepted,LND_leiu_delivered,LND_banked_accepted,LDS_delivery,LDS_leiu_accepted,LDS_leiu_delivered,LDS_banked_accepted,LWT_delivery,LWT_leiu_accepted,LWT_leiu_delivered,LWT_banked_accepted,PRT_delivery,PRT_leiu_accepted,PRT_leiu_delivered,PRT_banked_accepted,SAU_delivery,SAU_leiu_accepted,SAU_leiu_delivered,SAU_banked_accepted,SFW_delivery,SFW_leiu_accepted,SFW_leiu_delivered,SFW_banked_accepted,SSJ_delivery,SSJ_leiu_accepted,SSJ_leiu_delivered,SSJ_banked_accepted,TPD_delivery,TPD_leiu_accepted,TPD_leiu_delivered,TPD_banked_accepted,TBA_delivery,TBA_leiu_accepted,TBA_leiu_delivered,TBA_banked_accepted,TUL_delivery,TUL_leiu_accepted,TUL_leiu_delivered,TUL_banked_accepted,COF_delivery,COF_leiu_accepted,COF_leiu_delivered,COF_banked_accepted,FRS_delivery,FRS_leiu_accepted,FRS_leiu_delivered,FRS_banked_accepted,SOC_delivery,SOC_leiu_accepted,SOC_leiu_delivered,SOC_banked_accepted,SOB_delivery,SOB_leiu_accepted,SOB_leiu_delivered,SOB_banked_accepted,CCA_delivery,CCA_leiu_accepted,CCA_leiu_delivered,CCA_banked_accepted,DLR_delivery,DLR_leiu_accepted,DLR_leiu_delivered,DLR_banked_accepted,TLB_delivery,TLB_leiu_accepted,TLB_leiu_delivered,TLB_banked_accepted,WSL_delivery,WSL_leiu_accepted,WSL_leiu_delivered,WSL_banked_accepted,CWC_delivery,CWC_leiu_accepted,CWC_leiu_delivered,CWC_banked_accepted,MAD_delivery,MAD_leiu_accepted,MAD_leiu_delivered,MAD_banked_accepted,OTL_delivery,OTL_leiu_accepted,OTL_leiu_delivered,OTL_banked_accepted,OKW_delivery,OKW_leiu_accepted,OKW_leiu_delivered,OKW_banked_accepted,OFK_delivery,OFK_leiu_accepted,OFK_leiu_delivered,OFK_banked_accepted,OCD_delivery,OCD_leiu_accepted,OCD_leiu_delivered,OCD_banked_accepted,OEX_delivery,OEX_leiu_accepted,OEX_leiu_delivered,OEX_banked_accepted,OXV_delivery,OXV_leiu_accepted,OXV_leiu_delivered,OXV_banked_accepted,OSW_delivery,OSW_leiu_accepted,OSW_leiu_delivered,OSW_banked_accepted
0,2510.725285028137,73.53707693935696,73.53707693935696,73.53707693935696,73.53707693935696,102.9019718702447,102.9019718702447,102.9019718702447,102.9019718702447,19.4062966485007,19.4062966485007,19.4062966485007,19.4062966485007,15.444924335685906,15.444924335685906,15.444924335685906,15.444924335685906,25.90279098794116,25.90279098794116,25.90279098794116,25.90279098794116,0.0,0.0,0.0,0.0,65.08658456718672,65.08658456718672,65.08658456718672,65.08658456718672,90.4362283191226,90.4362283191226,90.4362283191226,90.4362283191226,0.0,0.0,0.0,0.0,73.51560624452424,352.04860932042743,352.04860932042743,75.2369401160691,0.6677874879208296,0.6677874879208296,0.6677874879208296,0.6677874879208296,2.200647975873104,2.200647975873104,2.200647975873104,2.200647975873104,0.0,0.0,0.0,0.0,171.86752459133749,171.86752459133749,171.86752459133749,171.86752459133749,0.0,0.0,0.0,0.0,7.760904391308429,7.760904391308429,7.760904391308429,7.760904391308429,15.112923741096552,15.112923741096552,15.112923741096552,15.112923741096552,100.69655695331039,155.4562262825827,155.4562262825827,100.69655695331039,110.01574998043915,110.01574998043915,110.01574998043915,110.01574998043915,18.621847697877946,18.621847697877946,18.621847697877946,18.621847697877946,2.511375209727062,2.511375209727062,2.511375209727062,2.511375209727062,40.12341020959319,40.12341020959319,40.12341020959319,40.12341020959319,13.785514936186194,13.785514936186194,13.785514936186194,13.785514936186194,56.0703974319369,56.0703974319369,56.0703974319369,56.0703974319369,14.758914234864292,14.758914234864292,14.758914234864292,14.758914234864292,32.84314653400342,32.84314653400342,32.84314653400342,32.84314653400342,62.970096237799986,62.970096237799986,62.970096237799986,62.970096237799986,108.60957725420609,108.60957725420609,108.60957725420609,108.60957725420609,3.7110486073186246,3.7110486073186246,3.7110486073186246,3.7110486073186246,0.0,0.0,0.0,0.0,43.84403606748904,43.84403606748904,43.84403606748904,43.84403606748904,9.244265586934723,9.244265586934723,9.244265586934723,9.244265586934723,180.39908153099674,180.39908153099674,180.39908153099674,180.39908153099674,294.46789048042183,294.46789048042183,294.46789048042183,294.46789048042183,0.05645690908454526,0.05645690908454526,0.05645690908454526,0.05645690908454526,109.837237767623,109.837237767623,109.837237767623,109.837237767623,33.89435366172839,33.89435366172839,33.89435366172839,33.89435366172839,98.36050663952159,98.36050663952159,98.36050663952159,98.36050663952159,622.4131013482071,622.4131013482071,622.4131013482071,622.4131013482071,75.11576365991215,75.11576365991215,75.11576365991215,75.11576365991215,101.57588250241382,101.57588250241382,101.57588250241382,101.57588250241382,24.863641395553113,24.863641395553113,24.863641395553113,24.863641395553113,0.0,0.0,0.0,0.0,27.96798899118435,27.96798899118435,27.96798899118435,27.96798899118435,418.494092590848,418.494092590848,418.494092590848,418.494092590848,139.66546375660573,139.66546375660573,139.66546375660573,139.66546375660573,0.0,0.0,0.0,0.0,5.92172403053685,5.92172403053685,5.92172403053685,5.92172403053685
1,2075.5080956783972,30.61308418658249,30.61308418658249,30.61308418658249,30.61308418658249,60.11788691831652,61.757429075665314,61.757429075665314,61.757429075665314,21.070324854391146,21.127214626544404,21.127214626544404,21.127214626544404,0.0,0.0,0.0,0.0,28.649845165115316,28.649845165115316,28.649845165115316,28.649845165115316,-0.9820964414977866,-2.220446049250313e-16,-2.220446049250313e-16,-2.220446049250313e-16,66.21099772784828,66.2654012675335,66.2654012675335,66.2654012675335,39.62452972093892,40.60029110418988,40.60029110418988,40.60029110418988,0.0,0.0,0.0,0.0,8.97696753219611,367.22465250162554,367.22465250162554,10.203987076514974,0.4866050649601519,0.4866050649601519,0.4866050649601519,0.4866050649601519,1.6051457141743302,1.6051457141743302,1.6051457141743302,1.6051457141743302,0.0,0.0,0.0,0.0,151.71700656647835,153.87819862500635,153.87819862500635,153.87819862500635,0.0,0.0,0.0,0.0,14.22870463227985,14.22870463227985,14.22870463227985,14.22870463227985,21.65200390676347,21.65200390676347,21.65200390676347,21.65200390676347,68.64814382636455,114.58767316775418,114.58767316775418,68.64814382636455,31.05072511228974,31.05072511228974,31.05072511228974,31.05072511228974,10.171984027175597,10.171984027175597,10.171984027175597,10.171984027175597,2.3422599661212193,2.3422599661212193,2.3422599661212193,2.3422599661212193,21.747566643328355,21.747566643328355,21.747566643328355,21.747566643328355,0.5314016474010863,0.5314016474010863,0.5314016474010863,0.5314016474010863,79.8694436769677,79.8694436769677,79.8694436769677,79.8694436769677,3.5556203881655755,3.5556203881655755,3.5556203881655755,3.5556203881655755,18.570480056794267,18.570480056794267,18.570480056794267,18.570480056794267,27.608536361596585,27.608536361596585,27.608536361596585,27.608536361596585,32.0670160378301,32.0670160378301,32.0670160378301,32.0670160378301,0.07239839287618821,0.07239839287618821,0.07239839287618821,0.07239839287618821,0.0,0.0,0.0,0.0,31.568847361611702,31.568847361611702,31.568847361611702,31.568847361611702,3.794369924811363,3.794369924811363,3.794369924811363,3.794369924811363,78.15844363828103,78.15844363828103,78.15844363828103,78.15844363828103,185.44799999999964,185.44799999999964,185.44799999999964,185.44799999999964,1.26520196478441,1.26520196478441,1.26520196478441,1.26520196478441,111.01400000000005,111.01400000000005,111.01400000000005,111.01400000000005,37.34793028689359,37.34793028689359,37.34793028689359,37.34793028689359,69.32642296748668,69.32642296748668,69.32642296748668,69.32642296748668,695.5557369797789,695.5557369797789,695.5557369797789,695.5557369797789,34.97479971698066,34.97479971698066,34.97479971698066,34.97479971698066,45.82386184353374,45.82386184353374,45.82386184353374,45.82386184353374,0.0003605422046177864,0.0003605422046177864,0.0003605422046177864,0.0003605422046177864,0.0,0.0,0.0,0.0,3.0489911328140806,3.0489911328140806,3.0489911328140806,3.0489911328140806,534.397592596823,534.397592596823,534.397592596823,534.397592596823,164.06572562748306,164.06572562748306,164.06572562748306,164.06572562748306,0.0,0.0,0.0,0.0,5.675271070493503,5.675271070493503,5.675271070493503,5.675271070493503
2,2416.9309050207967,89.00007016323472,89.00007016323472,89.00007016323472,89.00007016323472,119.38708486124924,119.38708486124924,119.38708486124924,119.38708486124924,119.04155375214012,119.04155375214012,119.04155375214012,119.04155375214012,0.13169593302719917,0.13169593302719917,0.13169593302719917,0.13169593302719917,24.52398859900397,24.52398859900397,24.52398859900397,24.52398859900397,0.0,0.0,0.0,0.0,126.1918493661936,126.1918493661936,126.1918493661936,126.1918493661936,97.31414739470543,97.31414739470543,97.31414739470543,97.31414739470543,0.0,0.0,0.0,0.0,70.01391516068358,413.78649456071923,413.78649456071923,70.0139151606836,0.5921518736770075,0.5921518736770075,0.5921518736770075,0.5921518736770075,2.3105601767568658,2.3105601767568658,2.3105601767568658,2.3105601767568658,0.0,0.0,0.0,0.0,197.08861486879144,197.08861486879144,197.08861486879144,197.08861486879144,0.0,0.0,0.0,0.0,40.88626019651715,40.88626019651715,40.88626019651715,40.88626019651715,108.74935921570176,108.74935921570176,108.74935921570176,108.74935921570176,68.43918180569756,298.7684587205472,298.7684587205472,68.43918180569756,134.41493312807722,134.41493312807722,134.41493312807722,134.41493312807722,18.878528077644738,18.878528077644738,18.878528077644738,18.878528077644738,1.3488316621414436,1.3488316621414436,1.3488316621414436,1.3488316621414436,41.40771749032288,41.40771749032288,41.40771749032288,41.40771749032288,15.898031832741381,15.898031832741381,15.898031832741381,15.898031832741381,48.873018258066125,48.873018258066125,48.873018258066125,48.873018258066125,11.46380154935343,11.46380154935343,11.46380154935343,11.46380154935343,32.5230839747826,32.5230839747826,32.5230839747826,32.5230839747826,64.85234348699407,64.85234348699407,64.85234348699407,64.85234348699407,112.6535560845519,112.6535560845519,112.6535560845519,112.6535560845519,4.519263497942841,4.519263497942841,4.519263497942841,4.519263497942841,15.55956089447925,15.55956089447925,15.55956089447925,15.55956089447925,73.5211224050669,73.5211224050669,73.5211224050669,73.5211224050669,34.33687688915501,34.33687688915501,34.33687688915501,34.33687688915501,197.82184761473053,197.82184761473053,197.82184761473053,197.82184761473053,25.639999999999418,25.639999999999418,25.639999999999418,25.639999999999418,1.6472918953159024,1.6472918953159024,1.6472918953159024,1.6472918953159024,116.98218012712286,116.98218012712286,116.98218012712286,116.98218012712286,36.33515604678773,36.33515604678773,36.33515604678773,36.33515604678773,142.73239045724,142.73239045724,142.73239045724,142.73239045724,847.3535294567213,847.3535294567213,847.3535294567213,847.3535294567213,88.21040669054332,88.21040669054332,88.21040669054332,88.21040669054332,118.9076327130761,118.9076327130761,118.9076327130761,118.9076327130761,19.465611399471307,19.465611399471307,19.465611399471307,19.465611399471307,0.0,0.0,0.0,0.0,72.40314455387967,72.40314455387967,72.40314455387967,72.40314455387967,503.012326423989,503.012326423989,503.012326423989,503.012326423989,365.21822762581974,365.21822762581974,365.21822762581974,365.21822762581974,0.0,0.0,0.0,0.0,5.803438093359708,5.803438093359708,5.803438093359708,5.803438093359708
3,3636.493878173665,90.40609202895645,90.40609202895645,90.40609202895645,90.40609202895645,113.84370892398071,118.54522903301219,118.54522903301219,118.54522903301219,111.02556076254076,111.0810492348509,111.0810492348509,111.0810492348509,18.100864942117347,18.100864942117347,18.100864942117347,18.100864942117347,23.072696842341962,23.21475747901343,23.21475747901343,23.21475747901343,-0.7453583883062009,6.661338147750939e-16,6.661338147750939e-16,6.661338147750939e-16,134.33734655390452,138.18582384241355,138.18582384241355,138.18582384241355,100.42191622540693,104.27891719979873,104.27891719979873,104.27891719979873,0.0,0.0,0.0,0.0,66.29593901515464,336.4305631512924,336.4305631512924,72.43745791791129,0.3231794468668916,0.3231794468668916,0.3231794468668916,0.3231794468668916,2.220094154615802,2.220094154615802,2.220094154615802,2.220094154615802,0.0,0.0,0.0,0.0,190.2630734553651,194.4381191915091,194.4381191915091,194.4381191915091,0.0,0.0,0.0,0.0,50.15047563063834,50.15047563063834,50.15047563063834,50.15047563063834,67.90072161150219,67.90072161150219,67.90072161150219,67.90072161150219,94.26360782151802,184.2578211481352,184.2578211481352,94.26360782151802,127.29388151201461,127.29388151201461,127.29388151201461,127.29388151201461,15.701928828708773,15.701928828708773,15.701928828708773,15.701928828708773,1.3965942941528535,1.3965942941528535,1.3965942941528535,1.3965942941528535,38.666155093429325,38.666155093429325,38.666155093429325,38.666155093429325,16.01360053363062,16.01360053363062,16.01360053363062,16.01360053363062,106.17595717859409,106.17595717859409,106.17595717859409,106.17595717859409,12.954580150561362,12.954580150561362,12.954580150561362,12.954580150561362,30.30572581574354,30.30572581574354,30.30572581574354,30.30572581574354,60.24611969216186,60.24611969216186,60.24611969216186,60.24611969216186,107.7835406621626,107.7835406621626,107.7835406621626,107.7835406621626,4.059295345051477,4.059295345051477,4.059295345051477,4.059295345051477,13.054801306183803,13.054801306183803,13.054801306183803,13.054801306183803,59.08518938118587,59.08518938118587,59.08518938118587,59.08518938118587,33.25926117785863,33.25926117785863,33.25926117785863,33.25926117785863,191.2199115567877,191.2199115567877,191.2199115567877,191.2199115567877,872.5627104766405,872.5627104766405,872.5627104766405,872.5627104766405,3.6871511997917423,3.6871511997917423,3.6871511997917423,3.6871511997917423,121.34499831585742,121.34499831585742,121.34499831585742,121.34499831585742,33.77604537361215,33.77604537361215,33.77604537361215,33.77604537361215,154.7418099888764,154.7418099888764,154.7418099888764,154.7418099888764,745.2115516272728,745.2115516272728,745.2115516272728,745.2115516272728,76.31380679067132,76.31380679067132,76.31380679067132,76.31380679067132,105.7762836936095,105.7762836936095,105.7762836936095,105.7762836936095,22.420276487684045,22.420276487684045,22.420276487684045,22.420276487684045,0.0,0.0,0.0,0.0,74.297803320775,74.297803320775,74.297803320775,74.297803320775,484.1428898033836,484.1428898033836,484.1428898033836,484.1428898033836,337.20563635986923,337.20563635986923,337.20563635986923,337.20563635986923,0.0,0.0,0.0,0.0,5.941527771236626,5.941527771236626,5.941527771236626,5.941527771236626
4,2595.189417117302,66.49320339789824,66.49320339789824,66.49320339789824,66.49320339789824,67.25496336804314,71.43316386837206,71.43316386837206,71.43316386837206,101.50232630412137,103.1357747764315,103.1357747764315,103.1357747764315,22.12231095665696,22.12231095665696,22.12231095665696,22.12231095665696,19.23516132194063,22.04899456705611,22.04899456705611,22.04899456705611,-4.132239590489968,8.881784197001252e-16,8.881784197001252e-16,8.881784197001252e-16,82.54412561495336,96.31963959212321,96.31963959212321,96.31963959212321,59.71974388298482,63.04511533175304,63.04511533175304,63.04511533175304,0.0,0.0,0.0,0.0,55.75173748169704,197.12482447286476,197.86432447286475,60.97084781395218,6.490508495391339,6.490508495391339,6.490508495391339,6.490508495391339,1.5903759315616568,1.5903759315616568,1.5903759315616568,1.5903759315616568,0.0,0.0,0.0,0.0,116.9986479104145,123.13504218095001,123.13504218095001,123.13504218095001,0.0,0.0,0.0,0.0,53.36081249748731,53.36081249748731,53.36081249748731,53.36081249748731,47.73185857967967,47.73185857967967,47.73185857967967,47.73185857967967,27.78912984842317,27.78912984842317,29.02212984842317,27.78912984842317,99.06145319612334,99.06145319612334,99.06145319612334,99.06145319612334,16.458586100431372,16.458586100431372,16.458586100431372,16.458586100431372,0.2509639015432508,0.2509639015432508,0.2509639015432508,0.2509639015432508,33.03512643298249,33.03512643298249,33.03512643298249,33.03512643298249,13.392249211615402,13.392249211615402,13.392249211615402,13.392249211615402,4.972914122408572,4.972914122408572,4.972914122408572,4.972914122408572,15.550638791844749,15.550638791844749,15.550638791844749,15.550638791844749,28.509754219963405,28.509754219963405,28.509754219963405,28.509754219963405,49.62818421307785,49.62818421307785,49.62818421307785,49.62818421307785,93.77592326097485,93.77592326097485,93.77592326097485,93.77592326097485,4.363923837169203,4.363923837169203,4.363923837169203,4.363923837169203,12.627162462531754,12.627162462531754,12.627162462531754,12.627162462531754,22.13564727126611,22.13564727126611,22.13564727126611,22.13564727126611,33.19311085311492,33.19311085311492,33.19311085311492,33.19311085311492,76.6571512352376,76.6571512352376,76.6571512352376,76.6571512352376,1428.7305,1430.703,1430.703,1430.703,12.14583722358421,12.14583722358421,12.14583722358421,12.14583722358421,62.003148716227756,62.003148716227756,62.003148716227756,62.003148716227756,38.89866290698625,38.89866290698625,38.89866290698625,38.89866290698625,171.78143118868397,171.78143118868397,171.78143118868397,171.78143118868397,592.4789569524559,592.4789569524559,592.4789569524559,592.4789569524559,37.299781366041564,37.299781366041564,37.299781366041564,37.299781366041564,57.324432497273065,57.324432497273065,57.324432497273065,57.324432497273065,11.536085106652745,11.536085106652745,11.536085106652745,11.536085106652745,0.0,0.0,0.0,0.0,63.609197134157135,63.609197134157135,63.609197134157135,63.609197134157135,402.4470755061337,402.4470755061337,402.4470755061337,402.4470755061337,352.9407952351263,352.9407952351263,352.9407952351263,352.9407952351263,0.0,0.0,0.0,0.0,6.262804621591964,6.262804621591964,6.262804621591964,6.262804621591964
5,2868.783466243351,90.13998267702338,90.13998267702338,90.13998267702338,90.13998267702338,89.36194625894929,96.1297390240426,96.1297390240426,96.1297390240426,100.01313057306595,108.82931326717936,108.82931326717936,108.82931326717936,13.413315488952486,13.413315488952486,13.413315488952486,13.413315488952486,19.42146915673857,19.954322753769798,19.954322753769798,19.954322753769798,-7.842715934758651,0.0,0.0,0.0,94.0293688261137,103.2036563679022,103.2036563679022,103.2036563679022,81.2587470842617,85.23746775742548,85.23746775742548,85.23746775742548,0.0,0.0,0.0,0.0,48.113598819864656,208.08331980054732,229.28231980054733,50.49420467437242,0.4741435901530675,0.4741435901530675,0.4741435901530675,0.4741435901530675,2.3145992535284816,2.3145992535284816,2.3145992535284816,2.3145992535284816,0.0,0.0,0.0,0.0,152.484769466598,153.64133294040408,153.64133294040408,153.64133294040408,0.0,0.0,0.0,0.0,53.218263061766145,53.218263061766145,53.218263061766145,53.218263061766145,54.92363859957279,54.92363859957279,54.92363859957279,54.92363859957279,78.14704874995215,95.8496435840689,131.19564358406896,78.14704874995215,118.31173428182426,118.31173428182426,118.31173428182426,118.31173428182426,13.853024587914074,13.853024587914074,13.853024587914074,13.853024587914074,2.002575299455564,2.002575299455564,2.002575299455564,2.002575299455564,35.73634261839141,35.73634261839141,35.73634261839141,35.73634261839141,15.429442961415232,15.429442961415232,15.429442961415232,15.429442961415232,36.69442671315275,36.69442671315275,36.69442671315275,36.69442671315275,20.06102143892465,20.06102143892465,20.06102143892465,20.06102143892465,26.17974355098429,26.17974355098429,26.17974355098429,26.17974355098429,54.84574278385194,54.84574278385194,54.84574278385194,54.84574278385194,101.40386608681145,101.40386608681145,101.40386608681145,101.40386608681145,4.556047263238458,4.556047263238458,4.556047263238458,4.556047263238458,15.466226643827806,15.466226643827806,15.466226643827806,15.466226643827806,47.14852348723164,47.14852348723164,47.14852348723164,47.14852348723164,33.38764202354959,33.38764202354959,33.38764202354959,33.38764202354959,185.33089654931157,185.33089654931157,185.33089654931157,185.33089654931157,1537.4058515600138,1593.950851560014,1593.950851560014,1593.950851560014,31.139303299062163,31.139303299062163,31.139303299062163,31.139303299062163,92.5,92.5,92.5,92.5,27.327689652790408,27.327689652790408,27.327689652790408,27.327689652790408,152.32027862136908,152.32027862136908,152.32027862136908,152.32027862136908,605.8074379001836,605.8074379001836,605.8074379001836,605.8074379001836,62.7543448933816,62.7543448933816,62.7543448933816,62.7543448933816,88.17618120567126,88.17618120567126,88.17618120567126,88.17618120567126,9.209142381971812,9.209142381971812,9.209142381971812,9.209142381971812,0.0,0.0,0.0,0.0,70.98068260363866,70.98068260363866,70.98068260363866,70.98068260363866,398.306356298682,398.306356298682,398.306356298682,398.306356298682,226.71431082005586,226.71431082005586,226.71431082005586,226.71431082005586,0.0,0.0,0.0,0.0,6.004953467988974,6.004953467988974,6.004953467988974,6.004953467988974
6,3421.495531428281,92.90413393780291,92.90413393780291,92.90413393780291,92.90413393780291,107.57604188140921,116.00923539742415,116.00923539742415,116.00923539742415,113.04658184005467,115.07701716548388,115.07701716548388,115.07701716548388,21.07929616376494,21.07929616376494,21.07929616376494,21.07929616376494,22.165672819703143,22.761373650807833,22.761373650807833,22.761373650807833,-9.891721535920269,0.0,0.0,0.0,133.7227856165759,138.00885956391954,138.00885956391954,138.00885956391954,97.62246486561696,100.92257718429966,100.92257718429966,100.92257718429966,0.0,0.0,0.0,0.0,71.8522064846011,292.85350302075784,315.0714748245645,124.78736744214027,1.3600147073252558,1.3600147073252558,1.3600147073252558,1.3600147073252558,2.7206797129298295,2.7206797129298295,2.7206797129298295,2.7206797129298295,0.0,0.0,0.0,0.0,179.09413245716223,183.46368511784942,183.46368511784942,183.46368511784942,0.0,0.0,0.0,0.0,51.37467116282079,51.37467116282079,51.37467116282079,51.37467116282079,72.31645640786043,72.31645640786043,72.31645640786043,72.31645640786043,121.09713475008604,149.580081376922,186.6040945967284,121.09713475008604,125.76124100248288,125.76124100248288,125.76124100248288,125.76124100248288,15.478728406112722,15.478728406112722,15.478728406112722,15.478728406112722,1.8300489533067987,1.8300489533067987,1.8300489533067987,1.8300489533067987,37.707558338913095,37.707558338913095,37.707558338913095,37.707558338913095,14.470469652857926,14.470469652857926,14.470469652857926,14.470469652857926,108.97900913889926,108.97900913889926,108.97900913889926,108.97900913889926,18.197229746534568,18.197229746534568,18.197229746534568,18.197229746534568,28.718719334455663,28.718719334455663,28.718719334455663,28.718719334455663,58.29932150196591,58.29932150196591,58.29932150196591,58.29932150196591,105.65700728610949,105.65700728610949,105.65700728610949,105.65700728610949,4.110337281692345,4.110337281692345,4.110337281692345,4.110337281692345,15.533444931823151,15.533444931823151,15.533444931823151,15.533444931823151,72.33990111714253,72.33990111714253,72.33990111714253,72.33990111714253,33.594163490032656,33.594163490032656,33.594163490032656,33.594163490032656,184.69072450616522,184.69072450616522,184.69072450616522,184.69072450616522,1615.514449823162,1674.756434846775,1674.756434846775,1674.756434846775,18.549829063067023,18.549829063067023,18.549829063067023,18.549829063067023,100.75253143377128,100.75253143377128,100.75253143377128,100.75253143377128,31.91831221909558,38.10879519496302,38.10879519496302,38.10879519496302,162.85738118350602,162.85738118350602,162.85738118350602,162.85738118350602,626.6680975757054,626.6680975757054,626.6680975757054,626.6680975757054,86.86079077550278,86.86079077550278,86.86079077550278,86.86079077550278,117.8418202151033,117.8418202151033,117.8418202151033,117.8418202151033,21.624919541036515,21.624919541036515,21.624919541036515,21.624919541036515,0.0,0.0,0.0,0.0,73.01268092250565,73.01268092250565,73.01268092250565,73.01268092250565,403.3068200640918,403.3068200640918,403.3068200640918,403.3068200640918,363.0867958502877,363.0867958502877,363.0867958502877,363.0867958502877,0.0,0.0,0.0,0.0,6.074639535616112,6.074639535616112,6.074639535616112,6.074639535616112
7,3207.7170193915963,86.80987711930098,86.80987711930098,86.80987711930098,86.80987711930098,118.64515103364536,123.4421526136763,123.4421526136763,123.4421526136763,128.43027150426533,128.47255478299118,128.47255478299118,128.47255478299118,24.413220043708154,24.413220043708154,24.413220043708154,24.413220043708154,26.775340727686363,26.775340727686363,26.775340727686363,26.775340727686363,-7.293607337696649,1.7763568394002505e-15,1.7763568394002505e-15,1.7763568394002505e-15,123.60442987066077,123.64785772570004,123.64785772570004,123.64785772570004,99.49017637068197,103.38336017416017,103.38336017416017,103.38336017416017,0.0,0.0,0.0,0.0,121.84647394537289,375.67287208428445,393.17437208428447,133.84609892121753,0.0,0.0,0.0,0.0,2.6634304372161584,2.6634304372161584,2.6634304372161584,2.6634304372161584,0.0,0.0,0.0,0.0,206.90955891162946,209.45253805472365,209.45253805472365,209.45253805472365,0.0,0.0,0.0,0.0,53.497087465393825,53.497087465393825,53.497087465393825,53.497087465393825,73.67475989565989,73.67475989565989,73.67475989565989,73.67475989565989,57.1997665863467,182.354338555264,211.53533855526405,57.1997665863467,107.73126749154217,107.73126749154217,107.73126749154217,107.73126749154217,15.56116361576262,15.56116361576262,15.56116361576262,15.56116361576262,0.4564868379260029,0.4564868379260029,0.4564868379260029,0.4564868379260029,34.472356610892405,34.472356610892405,34.472356610892405,34.472356610892405,14.937521227458975,14.937521227458975,14.937521227458975,14.937521227458975,31.254815860075357,31.254815860075357,31.254815860075357,31.254815860075357,18.08983457751291,18.08983457751291,18.08983457751291,18.08983457751291,28.990317448965698,28.990317448965698,28.990317448965698,28.990317448965698,52.24860708547265,52.24860708547265,52.24860708547265,52.24860708547265,97.55384404102371,97.55384404102371,97.55384404102371,97.55384404102371,4.1869996141871635,4.1869996141871635,4.1869996141871635,4.1869996141871635,14.017762686278065,14.017762686278065,14.017762686278065,14.017762686278065,24.785851262495783,24.785851262495783,24.785851262495783,24.785851262495783,33.11849002795114,33.11849002795114,33.11849002795114,33.11849002795114,104.22655474368787,104.22655474368787,104.22655474368787,104.22655474368787,1543.7570871319626,1590.4395871319628,1590.4395871319628,1590.4395871319628,21.278191622172187,21.278191622172187,21.278191622172187,21.278191622172187,103.32632703812453,103.32632703812453,103.32632703812453,103.32632703812453,36.29200549077436,38.02689668571821,38.02689668571821,38.02689668571821,149.10369901252352,149.10369901252352,149.10369901252352,149.10369901252352,591.5427219390526,591.5427219390526,591.5427219390526,591.5427219390526,41.17289325804081,41.17289325804081,41.17289325804081,41.17289325804081,64.23589473939359,64.23589473939359,64.23589473939359,64.23589473939359,9.071571766294875,9.071571766294875,9.071571766294875,9.071571766294875,0.0,0.0,0.0,0.0,69.38530075576939,69.38530075576939,69.38530075576939,69.38530075576939,377.1755067662707,377.1755067662707,377.1755067662707,377.1755067662707,373.05520607859614,373.05520607859614,373.05520607859614,373.05520607859614,0.0,0.0,0.0,0.0,5.912428526287878,5.912428526287878,5.912428526287878,5.912428526287878
8,3592.3041261819667,70.7714972556167,70.7714972556167,70.7714972556167,70.7714972556167,97.55441655469616,104.85928485527451,104.85928485527451,104.85928485527451,86.07312229011612,86.11443791110163,86.11443791110163,86.11443791110163,7.732220171596385,7.732220171596385,7.732220171596385,7.732220171596385,22.471080451138867,22.73053362508898,22.73053362508898,22.73053362508898,-11.572321944892312,1.7763568394002505e-15,1.7763568394002505e-15,1.7763568394002505e-15,184.97975571774566,185.02148440720433,185.02148440720433,185.02148440720433,83.67388974313575,87.18507323222461,87.18507323222461,87.18507323222461,0.0,0.0,0.0,0.0,67.84692838262137,332.06643639170704,350.8004363917071,70.95121479784186,0.7468417965062351,0.7468417965062351,0.7468417965062351,0.7468417965062351,2.717689446399653,2.717689446399653,2.717689446399653,2.717689446399653,0.0,0.0,0.0,0.0,174.55349595457858,178.88220084086552,178.88220084086552,178.88220084086552,0.0,0.0,0.0,0.0,21.138696326276886,21.138696326276886,21.138696326276886,21.138696326276886,96.70965463042168,96.70965463042168,96.70965463042168,96.70965463042168,46.25641333577855,183.53957661299424,214.77557661299429,46.25641333577855,110.39905408744588,110.39905408744588,110.39905408744588,110.39905408744588,12.846016100035815,12.846016100035815,12.846016100035815,12.846016100035815,3.690125252253728,3.690125252253728,3.690125252253728,3.690125252253728,43.43108594383808,43.43108594383808,43.43108594383808,43.43108594383808,8.740999475666335,8.740999475666335,8.740999475666335,8.740999475666335,88.53269047039092,88.53269047039092,88.53269047039092,88.53269047039092,3.508811724291796,3.508811724291796,3.508811724291796,3.508811724291796,35.402591158403155,35.402591158403155,35.402591158403155,35.402591158403155,70.57571163840396,70.57571163840396,70.57571163840396,70.57571163840396,98.56785869745198,98.56785869745198,98.56785869745198,98.56785869745198,1.825491745478641,1.825491745478641,1.825491745478641,1.825491745478641,0.18193206834604325,0.18193206834604325,0.18193206834604325,0.18193206834604325,66.93888695808926,66.93888695808926,66.93888695808926,66.93888695808926,19.9961347515695,19.9961347515695,19.9961347515695,19.9961347515695,153.52161020144584,153.52161020144584,153.52161020144584,153.52161020144584,983.6821388270454,1033.6521388270453,1033.6521388270453,1033.6521388270453,2.169860461158123,2.169860461158123,2.169860461158123,2.169860461158123,44.63105905500277,44.63105905500277,44.63105905500277,44.63105905500277,31.811757529312345,34.792228711801094,34.792228711801094,34.792228711801094,97.80630166693827,97.80630166693827,97.80630166693827,97.80630166693827,699.8786816182104,699.8786816182104,699.8786816182104,699.8786816182104,73.33715360603412,73.33715360603412,73.33715360603412,73.33715360603412,106.25970363290432,106.25970363290432,106.25970363290432,106.25970363290432,7.672166875320144,7.672166875320144,7.672166875320144,7.672166875320144,0.0,0.0,0.0,0.0,62.017121429972995,62.017121429972995,62.017121429972995,62.017121429972995,432.69184739211255,432.69184739211255,432.69184739211255,432.69184739211255,220.52944731159437,220.52944731159437,220.52944731159437,220.52944731159437,0.0,0.0,0.0,0.0,6.218072206180843,6.218072206180843,6.218072206180843,6.218072206180843
9,3494.475366016132,63.86974336451093,63.86974336451093,63.86974336451093,63.86974336451093,88.16501527114352,93.5511608244187,93.5511608244187,93.5511608244187,57.22698631642811,57.22698631642811,57.22698631642811,57.22698631642811,11.147379065839417,11.147379065839417,11.147379065839417,11.147379065839417,23.513772423846937,23.542224036750163,23.542224036750163,23.542224036750163,-5.761088727792455,1.7763568394002505e-15,1.7763568394002505e-15,1.7763568394002505e-15,78.15112924279231,78.1959921063098,78.1959921063098,78.1959921063098,75.77160984275913,78.34325713173497,78.34325713173497,78.34325713173497,0.0,0.0,0.0,0.0,59.57152089109935,277.95289336822293,289.53839336822296,63.13038426226284,0.7564583659917936,0.7564583659917936,0.7564583659917936,0.7564583659917936,1.7414982049672294,1.7414982049672294,1.7414982049672294,1.7414982049672294,0.0,0.0,0.0,0.0,151.40716276787512,158.2067429642318,158.2067429642318,158.2067429642318,0.0,0.0,0.0,0.0,5.59888986680545,5.59888986680545,5.59888986680545,5.59888986680545,74.16975370404768,74.16975370404768,74.16975370404768,74.16975370404768,79.15508193025562,129.012904329578,148.329904329578,79.15508193025562,99.0195584094401,99.0195584094401,99.0195584094401,99.0195584094401,12.429763008830273,12.429763008830273,12.429763008830273,12.429763008830273,2.818283146756043,2.818283146756043,2.818283146756043,2.818283146756043,36.12416049378485,36.12416049378485,36.12416049378485,36.12416049378485,9.274804534715088,9.274804534715088,9.274804534715088,9.274804534715088,80.72192087669214,80.72192087669214,80.72192087669214,80.72192087669214,1.0881227231797546,1.0881227231797546,1.0881227231797546,1.0881227231797546,25.117838985117928,25.117838985117928,25.117838985117928,25.117838985117928,44.860688072283004,44.860688072283004,44.860688072283004,44.860688072283004,93.47284192682491,93.47284192682491,93.47284192682491,93.47284192682491,2.8196413076920477,2.8196413076920477,2.8196413076920477,2.8196413076920477,1.5027046097251358,1.5027046097251358,1.5027046097251358,1.5027046097251358,58.83000201525615,58.83000201525615,58.83000201525615,58.83000201525615,22.46799498494361,22.46799498494361,22.46799498494361,22.46799498494361,158.23823915746854,158.23823915746854,158.23823915746854,158.23823915746854,1639.681108461916,1670.5836084619161,1670.5836084619161,1670.5836084619161,0.9409999999998035,0.9409999999998035,0.9409999999998035,0.9409999999998035,49.290841127370896,49.290841127370896,49.290841127370896,49.290841127370896,32.614901158982484,34.16700053647885,34.16700053647885,34.16700053647885,112.75303885189999,112.75303885189999,112.75303885189999,112.75303885189999,745.0237646710193,745.0237646710193,745.0237646710193,745.0237646710193,56.93976053799051,56.93976053799051,56.93976053799051,56.93976053799051,91.32343217864734,91.32343217864734,91.32343217864734,91.32343217864734,13.219462532662547,13.219462532662547,13.219462532662547,13.219462532662547,0.0,0.0,0.0,0.0,38.85974246425323,38.85974246425323,38.85974246425323,38.85974246425323,399.3499054707449,399.3499054707449,399.3499054707449,399.3499054707449,154.20849835054446,154.20849835054446,154.20849835054446,154.20849835054446,0.0,0.0,0.0,0.0,6.200705101515459,6.200705101515459,6.200705101515459,6.200705101515459
10,2917.293218227775,54.97666266439347,54.97666266439347,54.97666266439347,54.97666266439347,60.22633506224473,67.45018733384852,67.45018733384852,67.45018733384852,63.216163864791405,63.25457894152272,63.25457894152272,63.25457894152272,22.773477419737013,22.773477419737013,22.773477419737013,22.773477419737013,20.080910136560785,21.36463866789638,21.36463866789638,21.36463866789638,-4.219496687543161,0.0,0.0,0.0,111.47131449995899,116.51848150541633,116.51848150541633,116.51848150541633,52.659627341399705,54.01313214075025,54.01313214075025,54.01313214075025,0.0,0.0,0.0,0.0,86.77109729467205,214.3249733882006,277.0904733882007,131.74434151351525,5.898426821455156,5.898426821455156,5.898426821455156,5.898426821455156,1.1918155357909201,1.1918155357909201,1.1918155357909201,1.1918155357909201,0.0,0.0,0.0,0.0,104.96934266430216,119.28062586215447,119.28062586215447,119.28062586215447,0.0,0.0,0.0,0.0,40.448992640534954,40.448992640534954,40.448992640534954,40.448992640534954,67.60138760519695,67.60138760519695,67.60138760519695,67.60138760519695,16.7411521752003,16.7411521752003,49.21015217520028,16.7411521752003,87.93000848019106,87.93000848019106,87.93000848019106,87.93000848019106,13.199076914469618,13.199076914469618,13.199076914469618,13.199076914469618,0.0,0.0,0.0,0.0,34.314230967610406,34.314230967610406,34.314230967610406,34.314230967610406,15.260564594046667,15.260564594046667,15.260564594046667,15.260564594046667,0.2802503273596173,0.2802503273596173,0.2802503273596173,0.2802503273596173,14.12840514389527,14.12840514389527,14.12840514389527,14.12840514389527,25.737357756942217,25.737357756942217,25.737357756942217,25.737357756942217,48.706136861605174,48.706136861605174,48.706136861605174,48.706136861605174,95.1071362159018,95.1071362159018,95.1071362159018,95.1071362159018,4.750784207375808,4.750784207375808,4.750784207375808,4.750784207375808,14.466473793919935,14.466473793919935,14.466473793919935,14.466473793919935,13.348189644377925,13.348189644377925,13.348189644377925,13.348189644377925,35.83019608421262,35.83019608421262,35.83019608421262,35.83019608421262,63.738466848981574,63.738466848981574,63.738466848981574,63.738466848981574,1974.7882812534076,2070.0227812534076,2070.0227812534076,2070.0227812534076,48.29625827221102,48.29625827221102,48.29625827221102,48.29625827221102,110.95398836080022,110.95398836080022,110.95398836080022,110.95398836080022,13.455470560893035,23.689056752131286,23.689056752131286,23.689056752131286,177.65158332033388,177.65158332033388,177.65158332033388,177.65158332033388,238.53021826740763,238.53021826740763,238.53021826740763,238.53021826740763,30.852966517015986,30.852966517015986,30.852966517015986,30.852966517015986,48.02855155748707,48.02855155748707,48.02855155748707,48.02855155748707,17.251208396465504,17.251208396465504,17.251208396465504,17.251208396465504,0.0,0.0,0.0,0.0,63.42318639754762,63.42318639754762,63.42318639754762,63.42318639754762,177.97333350017198,177.97333350017198,177.97333350017198,177.97333350017198,206.49116167456964,206.49116167456964,206.49116167456964,206.49116167456964,0.0,0.0,0.0,0.0,6.2676443456781294,6.2676443456781294,6.2676443456781294,6.2676443456781294
11,1502.0390057350287,41.33268052838116,41.33268052838116,41.33268052838116,41.33268052838116,42.312395325758985,58.919292015522984,58.919292015522984,58.919292015522984,89.30602446090593,97.39634804925373,97.39634804925373,97.39634804925373,12.304129155008988,12.304129155008988,12.304129155008988,12.304129155008988,18.204569854774054,21.934884683694218,21.934884683694218,21.934884683694218,-11.745795445771021,0.0,0.0,0.0,124.1926434095285,134.62023155808413,134.62023155808413,134.62023155808413,37.11180840937914,46.325464402400804,46.325464402400804,46.325464402400804,0.0,0.0,0.0,0.0,61.33653814871356,113.62127807575806,263.5796841922977,61.33653814871356,7.615537655788552,7.615537655788552,7.615537655788552,7.615537655788552,0.0,0.0,0.0,0.0,0.0,0.0,0.0,0.0,86.0311749924825,96.47772467292937,96.47772467292937,96.47772467292937,0.0,0.0,0.0,0.0,50.46165427025531,50.46165427025531,50.46165427025531,50.46165427025531,71.6190318492675,71.6190318492675,71.6190318492675,71.6190318492675,50.32678369780389,50.32678369780389,113.55224472128458,50.32678369780389,104.19177523925211,104.19177523925211,104.19177523925211,104.19177523925211,15.947652857661867,15.947652857661867,15.947652857661867,15.947652857661867,0.6607134808039679,0.6607134808039679,0.6607134808039679,0.6607134808039679,35.44202820284128,35.44202820284128,35.44202820284128,35.44202820284128,12.226633392238853,12.226633392238853,12.226633392238853,12.226633392238853,0.29626552176672644,0.29626552176672644,0.29626552176672644,0.29626552176672644,7.039013678327581,7.039013678327581,7.039013678327581,7.039013678327581,28.366790157729508,28.366790157729508,28.366790157729508,28.366790157729508,54.62313188032224,54.62313188032224,54.62313188032224,54.62313188032224,99.68005703844574,99.68005703844574,99.68005703844574,99.68005703844574,4.609154556388615,4.609154556388615,4.609154556388615,4.609154556388615,14.802406133171157,14.802406133171157,14.802406133171157,14.802406133171157,30.117915000749388,30.117915000749388,30.117915000749388,30.117915000749388,34.03968189376751,34.03968189376751,34.03968189376751,34.03968189376751,142.6111468408393,142.6111468408393,142.6111468408393,142.6111468408393,927.1631328599792,1140.3469999999995,1140.3469999999995,1140.3469999999995,80.32246432073717,80.32246432073717,80.32246432073717,80.32246432073717,102.37062884988994,102.37062884988994,102.37062884988994,102.37062884988994,8.715647965218421,23.59291772653231,23.59291772653231,23.59291772653231,149.8174296448458,149.8174296448458,149.8174296448458,149.8174296448458,0.0,0.0,0.0,0.0,42.79924866830906,42.79924866830906,42.79924866830906,42.79924866830906,59.03767834513488,59.03767834513488,59.03767834513488,59.03767834513488,19.570273837904082,19.570273837904082,19.570273837904082,19.570273837904082,0.0,0.0,0.0,0.0,69.33883603753735,69.33883603753735,69.33883603753735,69.33883603753735,0.0,0.0,0.0,0.0,150.35505301410785,150.35505301410785,150.35505301410785,150.35505301410785,0.0,0.0,0.0,0.0,6.046423442810413,6.046423442810413,6.046423442810413,6.046423442810413
12,1611.5523939803602,68.01216111055858,68.01216111055858,68.01216111055858,68.01216111055858,68.61044343962783,85.51003942809325,85.51003942809325,85.51003942809325,78.03527045420827,78.13128473867108,78.13128473867108,78.13128473867108,23.69991775708097,23.69991775708097,23.69991775708097,23.69991775708097,17.741668225346984,22.19060088653464,22.19060088653464,22.19060088653464,-12.777955505482668,0.0,0.0,0.0,89.31664393521133,126.97094454815668,126.97094454815668,126.97094454815668,61.38382237452703,73.45887531127303,73.45887531127303,73.45887531127303,0.0,0.0,0.0,0.0,68.39616459522063,178.6349342142969,283.64545935339095,68.39616459522063,3.572687377796572,3.572687377796572,3.572687377796572,3.572687377796572,0.549463364403778,0.549463364403778,0.549463364403778,0.549463364403778,0.0,0.0,0.0,0.0,119.44023178310034,119.44023178310034,119.44023178310034,119.44023178310034,0.0,0.0,0.0,0.0,53.35793882384013,53.35793882384013,53.35793882384013,53.35793882384013,74.71768486729556,74.71768486729556,74.71768486729556,74.71768486729556,91.1543458749825,91.1543458749825,155.4758767015299,91.1543458749825,120.39875554096471,120.39875554096471,120.39875554096471,120.39875554096471,17.582737209938436,17.582737209938436,17.582737209938436,17.582737209938436,1.2833436049378881,1.2833436049378881,1.2833436049378881,1.2833436049378881,39.98912007470646,39.98912007470646,39.98912007470646,39.98912007470646,16.052919993636543,16.052919993636543,16.052919993636543,16.052919993636543,14.002937315748209,14.002937315748209,14.002937315748209,14.002937315748209,19.894289788191585,19.894289788191585,19.894289788191585,19.894289788191585,30.775242997146677,30.775242997146677,30.775242997146677,30.775242997146677,62.058644824174905,62.058644824174905,62.058644824174905,62.058644824174905,109.05006458184226,109.05006458184226,109.05006458184226,109.05006458184226,3.965909303203,3.965909303203,3.965909303203,3.965909303203,14.496784185362216,14.496784185362216,14.496784185362216,14.496784185362216,33.53338650618829,33.53338650618829,33.53338650618829,33.53338650618829,33.36920386583692,33.36920386583692,33.36920386583692,33.36920386583692,182.7683778515869,182.7683778515869,182.7683778515869,182.7683778515869,858.6139440343585,1027.946,1027.946,1027.946,46.36790823481485,46.36790823481485,46.36790823481485,46.36790823481485,64.50818542851812,64.50818542851812,64.50818542851812,64.50818542851812,20.889728879855305,34.37025377130482,34.37025377130482,34.37025377130482,172.74041514497392,172.74041514497392,172.74041514497392,172.74041514497392,538.8800313298677,538.8800313298677,538.8800313298677,538.8800313298677,60.31136015915467,60.31136015915467,60.31136015915467,60.31136015915467,84.33417843223432,84.33417843223432,84.33417843223432,84.33417843223432,12.749542372816645,12.749542372816645,12.749542372816645,12.749542372816645,0.0,0.0,0.0,0.0,74.97304714386796,74.97304714386796,74.97304714386796,74.97304714386796,169.1506850918095,169.1506850918095,169.1506850918095,169.1506850918095,287.4034971271111,287.4034971271111,287.4034971271111,287.4034971271111,0.0,0.0,0.0,0.0,6.1808333432897475,6.1808333432897475,6.1808333432897475,6.1808333432897475
13,2458.716690074397,85.07973217238319,85.07973217238319,85.07973217238319,85.07973217238319,88.46708062045504,100.1829097573591,100.1829097573591,100.1829097573591,81.61912501126389,81.74803994761488,81.74803994761488,81.74803994761488,11.669688758404034,11.669688758404034,11.669688758404034,11.669688758404034,18.473347203060573,20.912916947675214,20.912916947675214,20.912916947675214,-11.598429697856128,0.0,0.0,0.0,136.28126942066677,137.95302244596752,137.95302244596752,137.95302244596752,80.06365109033621,87.6563674760834,87.6563674760834,87.6563674760834,0.0,0.0,0.0,0.0,52.20516418657902,238.57912008923554,301.9756200892356,52.20516418657902,1.462080170098325,1.462080170098325,1.462080170098325,1.462080170098325,2.133002964590356,2.133002964590356,2.133002964590356,2.133002964590356,0.0,0.0,0.0,0.0,149.4984436855383,149.4984436855383,149.4984436855383,149.4984436855383,0.0,0.0,0.0,0.0,30.76174411648141,30.76174411648141,30.76174411648141,30.76174411648141,37.10049294268393,37.10049294268393,37.10049294268393,37.10049294268393,153.5606740543058,192.10126313344907,224.98126313344912,153.5606740543058,122.89885952339606,122.89885952339606,122.89885952339606,122.89885952339606,17.33677696621819,17.33677696621819,17.33677696621819,17.33677696621819,3.6331472551002797,3.6331472551002797,3.6331472551002797,3.6331472551002797,36.78822767628822,36.78822767628822,36.78822767628822,36.78822767628822,7.604263430419319,7.604263430419319,7.604263430419319,7.604263430419319,162.31032146776286,162.31032146776286,162.31032146776286,162.31032146776286,12.043612601624837,12.043612601624837,12.043612601624837,12.043612601624837,30.432804591521446,30.432804591521446,30.432804591521446,30.432804591521446,58.55475616448252,58.55475616448252,58.55475616448252,58.55475616448252,94.31770427125726,94.31770427125726,94.31770427125726,94.31770427125726,2.9977408100716714,2.9977408100716714,2.9977408100716714,2.9977408100716714,9.662769068755239,9.662769068755239,9.662769068755239,9.662769068755239,105.25736419707314,105.25736419707314,105.25736419707314,105.25736419707314,30.54933441495633,30.54933441495633,30.54933441495633,30.54933441495633,150.24876342243365,150.24876342243365,150.24876342243365,150.24876342243365,1124.4605000000013,1220.7370000000012,1220.7370000000012,1220.7370000000012,29.18956108429552,29.18956108429552,29.18956108429552,29.18956108429552,66.74299870503914,66.74299870503914,66.74299870503914,66.74299870503914,26.316890077627605,39.66715156122754,39.66715156122754,39.66715156122754,128.96108261725604,128.96108261725604,128.96108261725604,128.96108261725604,503.2118644063877,503.2118644063877,503.2118644063877,503.2118644063877,136.10602699806805,136.10602699806805,136.10602699806805,136.10602699806805,176.21493921662983,176.21493921662983,176.21493921662983,176.21493921662983,15.156696713454359,15.156696713454359,15.156696713454359,15.156696713454359,0.0,0.0,0.0,0.0,81.14892707584818,81.14892707584818,81.14892707584818,81.14892707584818,237.93873740597118,237.93873740597118,237.93873740597118,237.93873740597118,154.27638452637416,154.27638452637416,154.27638452637416,154.27638452637416,0.0,0.0,0.0,0.0,6.167803732927384,6.167803732927384,6.167803732927384,6.167803732927384
14,3967.0631338153366,71.9752349942139,71.9752349942139,71.9752349942139,71.9752349942139,101.66610148883542,105.42889207503273,105.42889207503273,105.42889207503273,10.397930376934255,10.476325872212898,10.476325872212898,10.476325872212898,12.540641943714665,12.540641943714665,12.540641943714665,12.540641943714665,25.463505359684206,25.463505359684206,25.463505359684206,25.463505359684206,-8.570464835744481,0.0,0.0,0.0,19.159549884206967,21.945724924292225,21.945724924292225,21.945724924292225,88.02398756284632,90.80784755319381,90.80784755319381,90.80784755319381,0.0,0.0,0.0,0.0,83.75812788894402,345.88574575401157,389.58324575401156,87.20845098774846,0.9324704392348941,0.9324704392348941,0.9324704392348941,0.9324704392348941,1.9179617698937519,1.9179617698937519,1.9179617698937519,1.9179617698937519,0.0,0.0,0.0,0.0,167.62391357005365,167.62391357005365,167.62391357005365,167.62391357005365,0.0,0.0,0.0,0.0,7.726290162047803,7.726290162047803,7.726290162047803,7.726290162047803,1.5882789496063765,1.5882789496063765,1.5882789496063765,1.5882789496063765,11.451438838078996,95.11870600941828,117.7237060094183,11.451438838078996,12.099665120455597,12.099665120455597,12.099665120455597,12.099665120455597,3.935388195724295,3.935388195724295,3.935388195724295,3.935388195724295,1.3938754339399297,1.3938754339399297,1.3938754339399297,1.3938754339399297,5.970411078189482,5.970411078189482,5.970411078189482,5.970411078189482,0.0,0.0,0.0,0.0,68.2227032163371,68.2227032163371,68.2227032163371,68.2227032163371,4.182412603391896,4.182412603391896,4.182412603391896,4.182412603391896,5.6938280786063835,5.6938280786063835,5.6938280786063835,5.6938280786063835,9.981764150488686,9.981764150488686,9.981764150488686,9.981764150488686,10.182440124996837,10.182440124996837,10.182440124996837,10.182440124996837,0.0,0.0,0.0,0.0,0.0,0.0,0.0,0.0,6.285046854064326,6.285046854064326,6.285046854064326,6.285046854064326,2.4039733478951604,2.4039733478951604,2.4039733478951604,2.4039733478951604,11.473684636945592,11.473684636945592,11.473684636945592,11.473684636945592,1071.179640710769,1137.482140710769,1137.482140710769,1137.482140710769,0.4928748582937601,0.4928748582937601,0.4928748582937601,0.4928748582937601,112.9507162276746,112.9507162276746,112.9507162276746,112.9507162276746,35.9087610739685,37.84018347913807,37.84018347913807,37.84018347913807,84.50342821191659,84.50342821191659,84.50342821191659,84.50342821191659,704.5872952270126,704.5872952270126,704.5872952270126,704.5872952270126,22.082242270515543,22.082242270515543,22.082242270515543,22.082242270515543,38.68728536197179,38.68728536197179,38.68728536197179,38.68728536197179,0.07541942332051121,0.07541942332051121,0.07541942332051121,0.07541942332051121,0.0,0.0,0.0,0.0,1.6813697147276656,1.6813697147276656,1.6813697147276656,1.6813697147276656,439.0537541100975,439.0537541100975,439.0537541100975,439.0537541100975,122.65699082539709,122.65699082539709,122.65699082539709,122.65699082539709,0.0,0.0,0.0,0.0,5.8991369399660325,5.8991369399660325,5.8991369399660325,5.8991369399660325
15,2619.7408220346374,81.40323629580055,81.40323629580055,81.40323629580055,81.40323629580055,91.11466241929668,95.92511310976711,95.92511310976711,95.92511310976711,77.54660527643077,77.54660527643077,77.54660527643077,77.54660527643077,16.540137663395083,16.540137663395083,16.540137663395083,16.540137663395083,21.261381452900377,22.118581111894922,22.118581111894922,22.118581111894922,-1.0970082765054847,0.0,0.0,0.0,139.37666513756443,139.37666513756443,139.37666513756443,139.37666513756443,82.12965085353056,83.8357921066994,83.8357921066994,83.8357921066994,0.0,0.0,0.0,0.0,62.06863735541908,207.05226217524563,211.81926217524563,74.69442817190168,2.8882456552207794,2.8882456552207794,2.8882456552207794,2.8882456552207794,2.281764766104407,2.281764766104407,2.281764766104407,2.281764766104407,0.0,0.0,0.0,0.0,153.3121279359177,173.57699865694082,173.57699865694082,173.57699865694082,0.0,0.0,0.0,0.0,43.72578499325198,43.72578499325198,43.72578499325198,43.72578499325198,52.402651365959834,52.402651365959834,52.402651365959834,52.402651365959834,62.30438803725539,63.162386679800775,65.62838667980077,62.30438803725539,108.26910473417841,108.26910473417841,108.26910473417841,108.26910473417841,12.914464919773856,12.914464919773856,12.914464919773856,12.914464919773856,0.5055296499224149,0.5055296499224149,0.5055296499224149,0.5055296499224149,33.842655740256525,33.842655740256525,33.842655740256525,33.842655740256525,12.36458818574077,12.36458818574077,12.36458818574077,12.36458818574077,37.62197161906362,37.62197161906362,37.62197161906362,37.62197161906362,12.703860619207495,12.703860619207495,12.703860619207495,12.703860619207495,23.544199691715487,23.544199691715487,23.544199691715487,23.544199691715487,49.03183230921695,49.03183230921695,49.03183230921695,49.03183230921695,94.34559435728497,94.34559435728497,94.34559435728497,94.34559435728497,3.7147955393162073,3.7147955393162073,3.7147955393162073,3.7147955393162073,9.616870517497816,9.616870517497816,9.616870517497816,9.616870517497816,44.84874461284588,44.84874461284588,44.84874461284588,44.84874461284588,34.87426472563882,34.87426472563882,34.87426472563882,34.87426472563882,135.7168522992586,135.7168522992586,135.7168522992586,135.7168522992586,1536.6696000000006,1544.1900000000007,1544.1900000000007,1544.1900000000007,10.977822259159296,10.977822259159296,10.977822259159296,10.977822259159296,109.18430716718497,109.18430716718497,109.18430716718497,109.18430716718497,27.05552321520915,36.600326866387114,36.600326866387114,36.600326866387114,182.16432392792404,182.16432392792404,182.16432392792404,182.16432392792404,526.2001740556268,526.2001740556268,526.2001740556268,526.2001740556268,56.63995901661072,56.63995901661072,56.63995901661072,56.63995901661072,76.90902024166951,76.90902024166951,76.90902024166951,76.90902024166951,21.59408096469683,21.59408096469683,21.59408096469683,21.59408096469683,0.0,0.0,0.0,0.0,67.7804912222482,67.7804912222482,67.7804912222482,67.7804912222482,240.37325641444198,240.37325641444198,240.37325641444198,240.37325641444198,316.556089027477,316.556089027477,316.556089027477,316.556089027477,0.0,0.0,0.0,0.0,6.12492200959264,6.12492200959264,6.12492200959264,6.12492200959264
16,2191.0294177979085,83.58739232693148,83.58739232693148,83.58739232693148,83.58739232693148,87.80526115632058,99.50361020325457,99.50361020325457,99.50361020325457,23.291871401222355,30.832386285666797,30.832386285666797,30.832386285666797,13.864982861905336,13.864982861905336,13.864982861905336,13.864982861905336,18.50819259035599,18.50819259035599,18.50819259035599,18.50819259035599,-9.221388653478797,0.0,0.0,0.0,72.96625307654605,97.64952888625443,97.64952888625443,97.64952888625443,79.5574678721223,86.80785880780273,86.80785880780273,86.80785880780273,0.0,0.0,0.0,0.0,68.71818167529888,180.36936355103217,223.27236355103213,68.71818167529888,0.6580230880386662,0.6580230880386662,0.6580230880386662,0.6580230880386662,2.4334193713800243,2.4334193713800243,2.4334193713800243,2.4334193713800243,0.0,0.0,0.0,0.0,144.82026949577454,153.5610578761726,153.5610578761726,153.5610578761726,0.0,0.0,0.0,0.0,40.024658249110466,40.024658249110466,40.024658249110466,40.024658249110466,6.474601899309712,6.474601899309712,6.474601899309712,6.474601899309712,26.24024976754077,61.902343613059344,84.09634361305936,26.24024976754077,91.42937817597175,91.42937817597175,91.42937817597175,91.42937817597175,15.815588914823323,15.815588914823323,15.815588914823323,15.815588914823323,0.0,0.0,0.0,0.0,35.128968591803115,35.128968591803115,35.128968591803115,35.128968591803115,14.804040220281067,14.804040220281067,14.804040220281067,14.804040220281067,0.2802503273596177,0.2802503273596177,0.2802503273596177,0.2802503273596177,19.712501419843097,19.712501419843097,19.712501419843097,19.712501419843097,28.36597957477771,28.36597957477771,28.36597957477771,28.36597957477771,29.567867218250576,29.567867218250576,29.567867218250576,29.567867218250576,83.67026255541008,83.67026255541008,83.67026255541008,83.67026255541008,4.299431991767502,4.299431991767502,4.299431991767502,4.299431991767502,12.683578835226921,12.683578835226921,12.683578835226921,12.683578835226921,13.127280567905132,13.127280567905132,13.127280567905132,13.127280567905132,29.43589727343206,29.43589727343206,29.43589727343206,29.43589727343206,2.735302927090608,2.735302927090608,2.735302927090608,2.735302927090608,1180.728595112554,1248.412195112554,1248.412195112554,1248.412195112554,57.740054926694626,57.740054926694626,57.740054926694626,57.740054926694626,99.27755213045414,99.27755213045414,99.27755213045414,99.27755213045414,25.926540038021255,33.084906487946206,33.084906487946206,33.084906487946206,172.20011443646217,172.20011443646217,172.20011443646217,172.20011443646217,252.06777275152524,252.06777275152524,252.06777275152524,252.06777275152524,36.419145826534624,36.419145826534624,36.419145826534624,36.419145826534624,51.798023939373465,51.798023939373465,51.798023939373465,51.798023939373465,10.09541228558171,10.09541228558171,10.09541228558171,10.09541228558171,0.0,0.0,0.0,0.0,45.96126627065036,45.96126627065036,45.96126627065036,45.96126627065036,195.96852315602902,195.96852315602902,195.96852315602902,195.96852315602902,414.52461247858366,414.52461247858366,414.52461247858366,414.52461247858366,0.0,0.0,0.0,0.0,6.164056745337078,6.164056745337078,6.164056745337078,6.164056745337078
17,907.3646265711717,43.484860583441176,43.484860583441176,43.484860583441176,43.484860583441176,41.13672168536252,51.24737473960349,51.24737473960349,51.24737473960349,35.544921407102,35.65423762372719,35.65423762372719,35.65423762372719,14.426736740859898,14.426736740859898,14.426736740859898,14.426736740859898,20.37310759842252,20.37310759842252,20.37310759842252,20.37310759842252,-6.262431652142272,0.0,0.0,0.0,51.419726936826464,74.050168123904,74.050168123904,74.050168123904,36.76697775257662,42.64833365059891,42.64833365059891,42.64833365059891,0.0,0.0,0.0,0.0,41.53673710833429,96.766143523241,96.766143523241,41.53673710833429,6.653664584768985,6.653664584768985,6.653664584768985,6.653664584768985,0.6883613281102172,0.6883613281102172,0.6883613281102172,0.6883613281102172,0.0,0.0,0.0,0.0,77.51631410835724,77.51631410835724,77.51631410835724,77.51631410835724,0.0,0.0,0.0,0.0,25.135145633393574,25.135145633393574,25.135145633393574,25.135145633393574,21.871278017755337,21.871278017755337,21.871278017755337,21.871278017755337,0.0,0.0,0.0,0.0,27.73966144992433,27.73966144992433,27.73966144992433,27.73966144992433,0.0,0.0,0.0,0.0,0.0,0.0,0.0,0.0,1.0013534899653536,1.0013534899653536,1.0013534899653536,1.0013534899653536,0.15185557968773367,0.15185557968773367,0.15185557968773367,0.15185557968773367,0.0,0.0,0.0,0.0,12.363719826729927,12.363719826729927,12.363719826729927,12.363719826729927,11.273977941753184,11.273977941753184,11.273977941753184,11.273977941753184,6.218418643838447,6.218418643838447,6.218418643838447,6.218418643838447,1.902584945194036,1.902584945194036,1.902584945194036,1.902584945194036,0.01150991507245358,0.01150991507245358,0.01150991507245358,0.01150991507245358,0.0,0.0,0.0,0.0,0.0,0.0,0.0,0.0,2.4378353734186504,2.4378353734186504,2.4378353734186504,2.4378353734186504,0.0,0.0,0.0,0.0,674.9660000000005,674.9660000000005,674.9660000000005,674.9660000000005,60.653658946695685,60.653658946695685,60.653658946695685,60.653658946695685,26.19306396368977,26.19306396368977,26.19306396368977,26.19306396368977,12.769891194589908,15.628662571335253,15.628662571335253,15.628662571335253,100.08080614272876,100.08080614272876,100.08080614272876,100.08080614272876,117.28238523008514,117.28238523008514,117.28238523008514,117.28238523008514,0.0,0.0,0.0,0.0,0.0,0.0,0.0,0.0,0.1394776898825434,0.1394776898825434,0.1394776898825434,0.1394776898825434,0.13572347495893666,0.13572347495893666,0.13572347495893666,0.13572347495893666,3.107009592827687,3.107009592827687,3.107009592827687,3.107009592827687,55.637715023435504,55.637715023435504,55.637715023435504,55.637715023435504,391.28690070545997,391.28690070545997,391.28690070545997,391.28690070545997,0.0,0.0,0.0,0.0,5.993069306015985,5.993069306015985,5.993069306015985,5.993069306015985
18,1119.330246048929,26.165495465964106,27.716239577940293,27.716239577940293,27.716239577940293,27.473875320873063,47.84764611065917,47.84764611065917,47.84764611065917,-9.749456310946798,27.624598019307683,27.624598019307683,27.624598019307683,8.637198709769367,8.637198709769367,8.637198709769367,8.637198709769367,20.609033104516158,20.609033104516158,20.609033104516158,20.609033104516158,-9.632620024652232,0.0,0.0,0.0,112.18321614692577,112.18321614692577,112.18321614692577,112.18321614692577,24.44046966611308,38.77265133234044,38.77265133234044,38.77265133234044,0.0,0.0,0.0,0.0,38.535452605395484,75.54289301131774,126.53251501759445,38.535452605395484,3.9542678045894677,3.9542678045894677,3.9542678045894677,3.9542678045894677,0.0,0.0,0.0,0.0,0.0,0.0,0.0,0.0,143.41028328668492,143.41028328668492,143.41028328668492,143.41028328668492,0.0,0.0,0.0,0.0,10.422598852040643,10.422598852040643,10.422598852040643,10.422598852040643,0.0,0.0,0.0,0.0,0.22756601120071687,0.22756601120071687,29.03549858943621,0.22756601120071687,26.717520986442736,26.717520986442736,26.717520986442736,26.717520986442736,0.010075815759886808,0.010075815759886808,0.010075815759886808,0.010075815759886808,0.0,0.0,0.0,0.0,0.38639165465027503,0.38639165465027503,0.38639165465027503,0.38639165465027503,0.47918862161323617,0.47918862161323617,0.47918862161323617,0.47918862161323617,0.2802503273596177,0.2802503273596177,0.2802503273596177,0.2802503273596177,7.988548848253448,7.988548848253448,7.988548848253448,7.988548848253448,0.13683988687932214,0.13683988687932214,0.13683988687932214,0.13683988687932214,2.3744845107878447,2.3744845107878447,2.3744845107878447,2.3744845107878447,1.8147656250358963,1.8147656250358963,1.8147656250358963,1.8147656250358963,0.10513494931081802,0.10513494931081802,0.10513494931081802,0.10513494931081802,0.3499548257045362,0.3499548257045362,0.3499548257045362,0.3499548257045362,0.24541496400836316,0.24541496400836316,0.24541496400836316,0.24541496400836316,2.864580310068604,2.864580310068604,2.864580310068604,2.864580310068604,0.41356784566251586,0.41356784566251586,0.41356784566251586,0.41356784566251586,580.5273468833776,663.6834007430646,663.6834007430646,663.6834007430646,43.20754207824886,43.20754207824886,43.20754207824886,43.20754207824886,16.54949372451597,16.54949372451597,16.54949372451597,16.54949372451597,37.21778520351885,37.21778520351885,37.21778520351885,37.21778520351885,91.61604621423164,91.61604621423164,91.61604621423164,91.61604621423164,9.786156687835668,9.786156687835668,9.786156687835668,9.786156687835668,9.411289026222256,9.411289026222256,9.411289026222256,9.411289026222256,7.771897828890504,7.771897828890504,7.771897828890504,7.771897828890504,0.13910163797265085,0.13910163797265085,0.13910163797265085,0.13910163797265085,0.0,0.0,0.0,0.0,2.9460251609309083,2.9460251609309083,2.9460251609309083,2.9460251609309083,0.0,0.0,0.0,0.0,382.4442750807381,382.4442750807381,382.4442750807381,382.4442750807381,0.0,0.0,0.0,0.0,4.947035769953389,4.947035769953389,4.947035769953389,4.947035769953389
19,1948.0442942401555,76.05088391106825,77.24412140911335,77.24412140911335,77.24412140911335,76.577611441454,84.25304326700181,84.25304326700181,84.25304326700181,71.65126302858029,75.22062792202811,75.22062792202811,75.22062792202811,12.53014304482433,12.53014304482433,12.53014304482433,12.53014304482433,10.605419723352032,10.605419723352032,10.605419723352032,10.605419723352032,-10.153466778551573,0.0,0.0,0.0,116.52591476095385,116.52591476095385,116.52591476095385,116.52591476095385,69.05076356696028,72.65275348093118,72.65275348093118,72.65275348093118,0.0,0.0,0.0,0.0,84.13209802012909,196.88178323504508,274.31254340207016,84.13209802012909,0.03792666764163233,0.03792666764163233,0.03792666764163233,0.03792666764163233,0.9764283202896039,0.9764283202896039,0.9764283202896039,0.9764283202896039,0.0,0.0,0.0,0.0,128.35024387484097,128.35024387484097,128.35024387484097,128.35024387484097,0.0,0.0,0.0,0.0,53.35453802967266,53.35453802967266,53.35453802967266,53.35453802967266,37.77383077936038,37.77383077936038,37.77383077936038,37.77383077936038,106.66118344310263,106.66118344310263,151.53149012077358,106.66118344310263,115.97601051255566,115.97601051255566,115.97601051255566,115.97601051255566,14.025970460130928,14.025970460130928,14.025970460130928,14.025970460130928,1.905321756128043,1.905321756128043,1.905321756128043,1.905321756128043,35.682532220785596,35.682532220785596,35.682532220785596,35.682532220785596,11.920826118161699,11.920826118161699,11.920826118161699,11.920826118161699,41.66083965416579,41.66083965416579,41.66083965416579,41.66083965416579,9.015847727078068,9.015847727078068,9.015847727078068,9.015847727078068,26.319993528386018,26.319993528386018,26.319993528386018,26.319993528386018,55.149874665231835,55.149874665231835,55.149874665231835,55.149874665231835,101.11012427004088,101.11012427004088,101.11012427004088,101.11012427004088,4.516583651521393,4.516583651521393,4.516583651521393,4.516583651521393,13.751977575769036,13.751977575769036,13.751977575769036,13.751977575769036,28.991116974813657,28.991116974813657,28.991116974813657,28.991116974813657,35.109364321945996,35.109364321945996,35.109364321945996,35.109364321945996,162.86683197012707,162.86683197012707,162.86683197012707,162.86683197012707,1040.354508953683,1168.053165674115,1168.053165674115,1168.053165674115,75.36471357062524,75.36471357062524,75.36471357062524,75.36471357062524,51.14223603610394,51.14223603610394,51.14223603610394,51.14223603610394,23.280142139508975,23.280142139508975,23.280142139508975,23.280142139508975,173.74585341804078,173.74585341804078,173.74585341804078,173.74585341804078,106.27297502141836,106.27297502141836,106.27297502141836,106.27297502141836,70.6439688236162,70.6439688236162,70.6439688236162,70.6439688236162,98.29818848764214,98.29818848764214,98.29818848764214,98.29818848764214,7.682927054512909,7.682927054512909,7.682927054512909,7.682927054512909,0.0,0.0,0.0,0.0,70.92843763631366,70.92843763631366,70.92843763631366,70.92843763631366,0.0,0.0,0.0,0.0,165.58251923170894,165.58251923170894,165.58251923170894,165.58251923170894,0.0,0.0,0.0,0.0,0.16838104745585492,0.16838104745585492,0.16838104745585492,0.16838104745585492
