7.316246299999999814e+06,1.195384200000000000e+07,5.097601589999999851e+06,3.954308008999999613e+06,9.635364949000000488e+05,1.427657444000000134e+06,1.428896334999999963e+06,2.495401098999999929e+06,3.716696821000000462e+06,2.082298038000000175e+06,4.427286936999999918e+06,3.841364759999999776e+06,1.120371245000000112e+06,6.947271909999999916e+05,1.463174550000000047e+06,4.043648413000000268e+07,1.154692467999999970e+07
9.388442169999999925e+06,1.369213180000000075e+07,5.658535690000000410e+06,4.376904629999999888e+06,1.051333999000000069e+06,1.659500689999999944e+06,1.659496868999999948e+06,2.784202160000000149e+06,3.702907618000000250e+06,2.101601615999999922e+06,3.096898540000000037e+06,2.669847720000000205e+06,5.984394170000000158e+05,1.810405589999999793e+05,1.056714722999999998e+06,4.607505724000000209e+07,7.602940958999999799e+06
3.388237660000000149e+06,7.568713500000000000e+06,1.413161409999999916e+06,1.643209671999999788e+06,1.285939027000000060e+05,4.682872045999999973e+05,4.675010860000000102e+05,5.955550659000000451e+05,9.987974438999999547e+05,4.990974450000000070e+05,1.115080199999999953e+06,1.004925060000000056e+06,2.474248969999999972e+05,7.306503999999999360e+04,3.984120100000000093e+05,1.717115439000000060e+07,2.838907206999999937e+06
8.156463299999999814e+06,1.560211650000000000e+07,5.283556776000000536e+06,4.615323700000000186e+06,6.771999090000001015e+05,1.303598842999999877e+06,1.303598084999999963e+06,2.114597538999999873e+06,3.041096013999999966e+06,1.601900566999999806e+06,3.136698490000000224e+06,2.845298209999999963e+06,8.512686230000000214e+05,3.373782135000000126e+05,1.233034080000000075e+06,4.369945122999999672e+07,8.403677617000000551e+06
4.043879080000000075e+06,8.334592700000000186e+06,2.991291560000000056e+06,2.153785259999999776e+06,3.882701599000000278e+05,7.989677323999999790e+05,8.004007667000000365e+05,1.230857763000000035e+06,1.785592013999999966e+06,9.610074198000000324e+05,1.829200169999999925e+06,1.612488820000000065e+06,3.592095810000000056e+05,1.033888601000000053e+05,4.444088699999999953e+05,2.348864446000000089e+07,4.348696300999999978e+06
6.991071400000000373e+06,9.775871300000000745e+06,5.449879628999999724e+06,3.540014919999999925e+06,8.774000243999999948e+05,1.515510163000000175e+06,1.515499763999999966e+06,2.353001919999999925e+06,3.377103573999999557e+06,2.105997663999999873e+06,3.578300370000000112e+06,2.758337620000000112e+06,5.461107010000000009e+05,1.731329200000000128e+05,9.817463299999999581e+05,3.750135035999999940e+07,8.037627941000000574e+06
2.366475830000000075e+06,6.986523799999999814e+06,1.410686044999999925e+06,1.284462600000000093e+06,1.369045719999999856e+05,4.285086879999999655e+05,4.290340830999999889e+05,5.941725169999999925e+05,1.061910769000000088e+06,5.019424249999999884e+05,1.016941140000000014e+06,9.315521800000000512e+05,2.005706089999999967e+05,4.485017538000000059e+04,3.107401199999999953e+05,1.520062133000000007e+07,2.504654223999999929e+06
2.976199859999999870e+06,7.283535599999999627e+06,1.544900659999999916e+06,1.559000500000000000e+06,1.382302097000000067e+05,4.157017547999999952e+05,4.154988501999999862e+05,5.995999459999999963e+05,1.069808074000000022e+06,4.404011810000000405e+05,8.886007700000000186e+05,9.587454599999999627e+05,2.294196889999999839e+05,5.286968499999999767e+04,5.652593810000000522e+05,1.644287664000000060e+07,2.694894984999999870e+06
6.814839200000000186e+06,1.321847759999999963e+07,3.943857279999999795e+06,2.917295339999999851e+06,5.366191698000000324e+05,1.082498935000000056e+06,1.082499699999999953e+06,1.767999681999999797e+06,2.609447279000000097e+06,1.411303254999999888e+06,2.898102209999999963e+06,2.485655080000000075e+06,4.817495659999999916e+05,1.344350230000000156e+05,8.758078199999999488e+05,3.538483743999999762e+07,6.875749699000000022e+06
5.581000780000000261e+06,1.301584430000000075e+07,3.169601500000000000e+06,2.760708790000000037e+06,4.146093938000000198e+05,8.422038599999999860e+05,8.422006470999999437e+05,1.303799999000000069e+06,2.045998946999999927e+06,1.100903257999999914e+06,1.954397620000000112e+06,1.773859540000000037e+06,3.704298489999999874e+05,9.508637552000000142e+04,5.781573100000000559e+05,3.107687148000000045e+07,4.771930695000000298e+06
6.277706299999999814e+06,1.026685569999999925e+07,4.014965439999999944e+06,3.382636919999999925e+06,5.871493595000000205e+05,1.071076070000000065e+06,1.069100935999999987e+06,1.708904679999999935e+06,2.656544521999999881e+06,1.507713981999999844e+06,2.831176020000000019e+06,3.040567500000000000e+06,7.953789559999998892e+05,3.117019820000000182e+05,9.344221040000000503e+05,3.254265391000000015e+07,7.913246562000000849e+06
4.460403299999999814e+06,6.957003200000000186e+06,2.758221109999999870e+06,2.362408359999999870e+06,3.903892306000000099e+05,8.328997868000000017e+05,8.328991698999999790e+05,1.321001215000000084e+06,2.070907435000000056e+06,1.070301516999999993e+06,1.847195945999999996e+06,1.753742708000000101e+06,4.355500050000000047e+05,1.152696695000000036e+05,6.772610999999999767e+05,2.305643432000000030e+07,4.829019428999999538e+06
2.712502669999999925e+06,5.473046900000000373e+06,1.596899479999999981e+06,1.411199673000000184e+06,2.291302051999999967e+05,5.544006356999999844e+05,5.541872850000000326e+05,8.514921540000000969e+05,1.559218676999999909e+06,8.771994377000000095e+05,1.602798824999999953e+06,1.461632590000000084e+06,2.453496000000000058e+05,5.161159491999999591e+04,5.221602999999999884e+05,1.581927711999999918e+07,3.883552910000000149e+06
3.572601419999999925e+06,7.657370200000000186e+06,2.138800259999999776e+06,1.946687229000000050e+06,2.581405443000000087e+05,5.776903053000000073e+05,5.789993257000000449e+05,7.449998151000000071e+05,1.262850285999999847e+06,6.388002541000000201e+05,1.173599993999999948e+06,1.089320669999999925e+06,2.458997889999999898e+05,5.740193099999999686e+04,3.799091699999999837e+05,1.937693964000000060e+07,2.946131553999999538e+06
3.099348649999999907e+06,6.377286500000000000e+06,1.863476830000000075e+06,1.837690374000000069e+06,2.144517260000000242e+05,5.222253950000000186e+05,5.222145139999999665e+05,8.113576909999999916e+05,1.471999114000000060e+06,7.343533620000000810e+05,1.370462416999999899e+06,1.433645489999999991e+06,3.591562029999999795e+05,1.188490357999999978e+05,5.619997600000000093e+05,1.745440416000000015e+07,3.844112906000000425e+06
5.149353620000000112e+06,9.530518900000000373e+06,2.917480180000000168e+06,2.685491790000000037e+06,3.688793728000000119e+05,8.224505150000000140e+05,8.240982118999999948e+05,1.206898972999999998e+06,1.920485163000000175e+06,9.986002330000000075e+05,1.588197439999999944e+06,1.492236514999999898e+06,3.423500349999999744e+05,8.215925217999999586e+04,4.295349699999999721e+05,2.642425696000000089e+07,3.934478211999999825e+06
5.239534379999999888e+06,6.834026099999999627e+06,3.568100401000000071e+06,3.181294819999999832e+06,5.272407626999999629e+05,9.819234797000000253e+05,9.834994954999999609e+05,1.496904004999999888e+06,2.570582672999999952e+06,1.449899054000000004e+06,2.401299060000000056e+06,2.189498239000000060e+06,4.752289940000000061e+05,9.046171929999999702e+04,9.117591280000000261e+05,2.683300517000000179e+07,6.068247139999999665e+06
2.778705509999999776e+06,4.775509099999999627e+06,2.348601069999999832e+06,1.806192330000000075e+06,3.287602106999999960e+05,6.538008451000000350e+05,6.534586519000000553e+05,1.057539739999999991e+06,1.675729283999999985e+06,8.920043399999999674e+05,1.586599729999999981e+06,1.481995504999999888e+06,3.443995829999999842e+05,6.966491009999999369e+04,5.988988199999999488e+05,1.697030107999999821e+07,4.081558547999999952e+06
1.442697010999999940e+06,3.638466500000000000e+06,6.345175860000000102e+05,7.084955740000000224e+05,5.456907559999999648e+04,2.213655189999999711e+05,2.214709800000000105e+05,2.970913499999999767e+05,6.020379070000000065e+05,2.718617951999999932e+05,4.496926170000000275e+05,3.993451790000000037e+05,1.125778865999999980e+05,3.722998881999999867e+04,1.687172200000000012e+05,8.092573297999999486e+06,1.167562890999999829e+06
3.064393069999999832e+06,7.819472500000000000e+06,2.644865270000000019e+06,2.033902939999999944e+06,3.671500470000000205e+05,8.106018140000000130e+05,8.105989510999999475e+05,1.191199141999999993e+06,1.882588229000000050e+06,8.892988279999999795e+05,1.433096219999999972e+06,1.266352861999999965e+06,3.180103040000000037e+05,9.042995909999999276e+04,3.736892600000000093e+05,2.151407078999999911e+07,3.481578604999999981e+06
3.582103000000000000e+06,7.068357500000000000e+06,1.615097651999999769e+06,2.034209979999999981e+06,1.696497325000000128e+05,4.213003932999999961e+05,4.209172523999999976e+05,6.618247983999999706e+05,1.182224989000000060e+06,6.417010402999999933e+05,1.212680722999999998e+06,1.084309580000000075e+06,2.399996139999999723e+05,6.008735371000000305e+04,4.887306300000000047e+05,1.779738633999999985e+07,3.085807901000000071e+06
5.403332860000000335e+06,1.014413900000000000e+07,3.518411149999999907e+06,3.302000773999999743e+06,4.460302161000000197e+05,8.749982120000000577e+05,8.749987378999999491e+05,1.350399631999999983e+06,2.058280053000000073e+06,1.098898300999999978e+06,2.011799219999999972e+06,1.941198790000000037e+06,4.770804510000000009e+05,1.525866228000000119e+05,7.267987900000000373e+05,2.907148894000000134e+07,5.309463873999999836e+06
3.903946379999999888e+06,7.180158900000000373e+06,2.369071961000000127e+06,2.232993870000000112e+06,2.998394560000000056e+05,6.026812389999999432e+05,6.014448767999999691e+05,8.965831898999999976e+05,1.405570764999999898e+06,6.793799028000000399e+05,1.065664112999999896e+06,8.850486800000000512e+05,1.853454989999999816e+05,5.086712930000000051e+04,2.473803479999999981e+05,2.017167053999999911e+07,2.434305768999999855e+06
2.566143919999999925e+06,4.852346620000000112e+06,1.255102470999999903e+06,1.223695085999999894e+06,1.144799008000000031e+05,3.545992502000000095e+05,3.546001820000000298e+05,5.202001172999999835e+05,9.812589451000000117e+05,4.805002261000000290e+05,8.484982650000000140e+05,8.350791099999999860e+05,2.147299899999999907e+05,5.373617631000000256e+04,2.673962299999999814e+05,1.270292672000000067e+07,2.219439770999999717e+06
3.181132319999999832e+06,5.393616500000000000e+06,1.538990760000000009e+06,1.560405684000000125e+06,1.629199727000000130e+05,4.494007065999999759e+05,4.490969246000000276e+05,7.334004059999999590e+05,1.159311790000000037e+06,5.182394810000000289e+05,8.738007340000000549e+05,8.640075000000000000e+05,2.204501689999999944e+05,6.930240097000000242e+04,3.347500900000000256e+05,1.514651455000000075e+07,2.362310893999999855e+06
1.606692574999999953e+06,3.808323600000000093e+06,8.546016269999999786e+05,7.994006409999999451e+05,7.516031930000000284e+04,2.277112930000000051e+05,2.282152875000000058e+05,3.553004525000000140e+05,6.635600955000000540e+05,3.377410138000000152e+05,5.320999390000000130e+05,5.109902979999999516e+05,1.313199860000000044e+05,2.805998372999999992e+04,1.863998699999999953e+05,8.956706904999999329e+06,1.388870076999999816e+06
3.160474319999999832e+06,4.526442509999999776e+06,2.437715399999999907e+06,1.945596100000000093e+06,2.848880325999999768e+05,7.323955113000000129e+05,7.328554165000000503e+05,1.307327399999999907e+06,2.036853473000000231e+06,1.038349859000000055e+06,2.001206700999999885e+06,2.003258990999999922e+06,5.033290470000000205e+05,1.280077704999999987e+05,7.039660400000000373e+05,1.820289801999999955e+07,5.339768548999999650e+06
2.112002089999999851e+06,4.851047870000000112e+06,1.384198479999999981e+06,1.164304430999999866e+06,1.301655087999999960e+05,4.558355920000000042e+05,4.558356294999999809e+05,6.199998750000000000e+05,1.131664284999999916e+06,5.356991872000000440e+05,1.130499260999999940e+06,1.194478810000000056e+06,2.915474770000000135e+05,8.205001274999999441e+04,4.270894500000000116e+05,1.284075294999999925e+07,3.125665009999999776e+06
2.018498679999999935e+06,4.683999269999999553e+06,1.084000669999999925e+06,9.969967811999999685e+05,1.128499594000000070e+05,2.963948005000000121e+05,2.961130736000000034e+05,4.352998033999999752e+05,8.691597109999998938e+05,3.730997897000000230e+05,7.097403640000000596e+05,6.368637779999999329e+05,1.287536515000000072e+05,1.958997826999999961e+04,2.244502500000000000e+05,1.116641253999999911e+07,1.719398021999999881e+06
4.188298569999999832e+06,7.122710700000000186e+06,2.545295509999999776e+06,2.186698339999999851e+06,3.640674409999999916e+05,6.946864668999999994e+05,6.943573662000000477e+05,1.197199329000000143e+06,2.038070325999999885e+06,1.143496992000000086e+06,1.893594793000000063e+06,1.590658544999999925e+06,3.540396220000000321e+05,8.795002560999999696e+04,4.596899400000000023e+05,2.217488103999999911e+07,4.385932925999999978e+06
4.263624040000000037e+06,7.012199099999999627e+06,3.348716310000000056e+06,2.557331183000000194e+06,5.245169522000000579e+05,9.073105079999999143e+05,9.045779335000000428e+05,1.326235730999999912e+06,2.157279580000000075e+06,1.165765030000000028e+06,1.871846661999999778e+06,1.859760225000000093e+06,4.978052050000000163e+05,1.768337638999999908e+05,7.574143699999999953e+05,2.416755637000000104e+07,5.163660225999999791e+06
4.494322686000000685e+06,8.682065099999999627e+06,2.789901930000000168e+06,2.419611140000000130e+06,4.291608250000000116e+05,8.226362709999999497e+05,8.242660720999999903e+05,1.278500300999999978e+06,2.297227040000000037e+06,1.336700489000000060e+06,2.380900808000000194e+06,2.395119941000000108e+06,7.313098109999999870e+05,3.277002056999999913e+05,1.139459459999999963e+06,2.537439185000000149e+07,6.974490225999999791e+06
7.437428650000000373e+06,1.245057150000000000e+07,4.095377529999999795e+06,3.528296410000000149e+06,6.605694242000000086e+05,1.144608859000000171e+06,1.144609404000000097e+06,1.905198118999999948e+06,3.204317200000000186e+06,1.988703383000000147e+06,3.556303770000000019e+06,3.095813205000000075e+06,8.246698240000000224e+05,3.369206859999999870e+05,1.282480784999999916e+06,3.755968047999999672e+07,9.096188269999999553e+06
1.737698949999999953e+06,4.135003100000000093e+06,1.006139140000000014e+06,8.622304207999999635e+05,8.557997735000000102e+04,3.312539625000000233e+05,3.314067691999999806e+05,5.073800497999999789e+05,9.423588670000000857e+05,4.480998260000000009e+05,8.805001779999999562e+05,9.071684499999999534e+05,2.315197200000000012e+05,7.427995704999999725e+04,4.193274699999999721e+05,1.038715106000000052e+07,2.512795774999999907e+06
6.352558259999999776e+06,1.214236440000000037e+07,3.630786870000000112e+06,3.140528109999999870e+06,5.287993480999999447e+05,8.919708359999998938e+05,8.900915509000000311e+05,1.427283101999999955e+06,2.290785703000000212e+06,1.162933253999999957e+06,1.943571471999999834e+06,1.763809770000000019e+06,5.402297870000000112e+05,2.256497231000000029e+05,7.064857199999999721e+05,3.245810142999999970e+07,5.179746472000000067e+06
6.631217500000000000e+06,1.412925719999999925e+07,3.210658160000000149e+06,3.252392750000000000e+06,3.971465709999999963e+05,8.898451990000000224e+05,8.898475897000000114e+05,1.377496021999999881e+06,2.540109803000000305e+06,1.456598268000000156e+06,2.680099049999999814e+06,2.477179770000000019e+06,6.317791579999999376e+05,2.330001130000000121e+05,1.271341486999999965e+06,3.477456906000000238e+07,7.293399577999999747e+06
6.315955700000000186e+06,1.027208640000000037e+07,3.954785529999999795e+06,3.388358520000000019e+06,5.425224649999999674e+05,1.005784005999999936e+06,1.005781802999999956e+06,1.495570951999999816e+06,2.329756754000000190e+06,1.269778165000000037e+06,2.202201611999999732e+06,1.947890550000000047e+06,4.849600189999999711e+05,1.312499777999999933e+05,7.241089899999999907e+05,3.158038028999999911e+07,5.490411149000000209e+06
5.212051660000000149e+06,8.075984200000000186e+06,3.485566370000000112e+06,2.787727319999999832e+06,6.075443120000000345e+05,9.377783370000000577e+05,9.377796240000000689e+05,1.482151029000000097e+06,2.233658395000000019e+06,1.229519105999999912e+06,2.003102120000000112e+06,1.940614719999999972e+06,6.626404969999999739e+05,3.634309089999999851e+05,1.004859959999999963e+06,2.698976035000000149e+07,5.974648206000000238e+06
3.185386600000000093e+06,5.383115799999999814e+06,1.643480989999999991e+06,1.574426770000000019e+06,2.207284928000000073e+05,5.062651505999999936e+05,5.055184929000000120e+05,7.487135450000000419e+05,1.429661324000000022e+06,7.329473893000000389e+05,1.347275489999999991e+06,1.199292500000000000e+06,3.280042079999999842e+05,1.055761456000000035e+05,5.762285400000000373e+05,1.593024455000000075e+07,3.556376883999999613e+06
4.336034200000000186e+06,8.294103299999999814e+06,2.962043040000000037e+06,2.480299529999999795e+06,4.401490639000000083e+05,8.377961130000000121e+05,8.377975755000000354e+05,1.376200429999999935e+06,2.272609010999999940e+06,1.193419469000000041e+06,2.253901132999999914e+06,2.139106759999999776e+06,5.786399980000000214e+05,2.098701410000000033e+05,8.736799899999999907e+05,2.503045173000000045e+07,6.055198022000000812e+06
3.490200959999999963e+06,6.061355700000000186e+06,2.337344890000000130e+06,1.982569530999999959e+06,2.881666259999999893e+05,6.682602129999999888e+05,6.679381816999999573e+05,1.052059506999999983e+06,1.667517023999999976e+06,8.746683299999999581e+05,1.662384659999999916e+06,1.552956064000000013e+06,3.578396250000000000e+05,9.227004132999999274e+04,6.099409100000000326e+05,1.909008096000000089e+07,4.275391299999999814e+06
2.391503203000000212e+06,5.001613200000000186e+06,1.341941860000000102e+06,1.277709060000000056e+06,1.299599827999999980e+05,3.934999246000000276e+05,3.931961712999999872e+05,5.976902179999999935e+05,1.020927309000000008e+06,4.946398679000000120e+05,1.004000507999999914e+06,9.773989870000000810e+05,2.205395639999999839e+05,3.842002674000000115e+04,3.821630999999999767e+05,1.304268080000000075e+07,2.622522185999999754e+06
3.830520680000000168e+06,7.609061099999999627e+06,2.226949479999999981e+06,1.987772010000000009e+06,2.694935694999999832e+05,6.201021790000000037e+05,6.210887010000000009e+05,8.973644859999999171e+05,1.356137883000000147e+06,6.771232634000000544e+05,1.191965032000000123e+06,9.709041300000000047e+05,2.575986430000000109e+05,6.267812477999999828e+04,3.219721500000000233e+05,2.009561335000000149e+07,2.805118080000000075e+06
2.479294375000000000e+06,5.835018900000000373e+06,1.813418500000000000e+06,1.444944070000000065e+06,2.343749579000000085e+05,5.175235599999999977e+05,5.174806677999999956e+05,7.293797700000000186e+05,1.246558462999999989e+06,6.366096404000000330e+05,1.174199206999999937e+06,9.658630300000000279e+05,2.223400369999999821e+05,5.016491457000000082e+04,2.968096699999999837e+05,1.545460290000000037e+07,2.709376858999999706e+06
5.659093540000000037e+06,7.933390500000000000e+06,4.682384580000000075e+06,3.676286560000000056e+06,6.580198519000000088e+05,1.290937635999999940e+06,1.292539114000000060e+06,1.843809598000000231e+06,2.569790129000000190e+06,1.240808679000000004e+06,1.831899000000000000e+06,1.682298919999999925e+06,4.492906309999999939e+05,1.419597191999999923e+05,5.846390100000000093e+05,3.084706019000000134e+07,4.690087280000000261e+06
4.598058089999999851e+06,8.712620000000000000e+06,2.980485729999999981e+06,2.456453720000000205e+06,5.021804001999999746e+05,6.913680370000000112e+05,6.913678670000000857e+05,9.898200159999999451e+05,1.577617638000000035e+06,7.602004653000000399e+05,1.410602701999999816e+06,1.222832620000000112e+06,3.006897160000000149e+05,1.043099061999999976e+05,4.040701699999999837e+05,2.396017196000000089e+07,3.442505113999999594e+06
7.527014129999999888e+06,1.084446559999999963e+07,4.672234459999999963e+06,3.866737270000000019e+06,7.316865191000000341e+05,1.291362209000000032e+06,1.289546669999999925e+06,1.877118286999999778e+06,2.894424213999999687e+06,1.537246139999999898e+06,2.803980040000000037e+06,2.729342109999999870e+06,8.123904830000000075e+05,2.987643429999999935e+05,1.419041234000000171e+06,3.653183550000000000e+07,8.063518209999999963e+06
5.192788799999999814e+06,9.055571199999999255e+06,2.639450040000000037e+06,2.511405100000000093e+06,2.553197419999999984e+05,6.858917359999999171e+05,6.855773974000000162e+05,9.542194290000000037e+05,1.500507993000000017e+06,6.004903344000000507e+05,1.188928887000000104e+06,1.111932290999999968e+06,2.948099949999999953e+05,9.399007400000000780e+04,5.038282600000000093e+05,2.408122176999999955e+07,3.193489506999999750e+06
4.216997750000000000e+06,9.650236900000000373e+06,2.016329760000000009e+06,1.922176040000000037e+06,2.399301400000000140e+05,5.429839701999999816e+05,5.426607070000000531e+05,8.996412149999999674e+05,1.446713161999999778e+06,6.769993941000000341e+05,1.326200339000000153e+06,1.314164449999999953e+06,3.085768470000000088e+05,8.889983387999999104e+04,5.018787500000000000e+05,2.215466903999999911e+07,3.539720220000000205e+06
4.155052120000000112e+06,7.601202900000000373e+06,2.700011359999999870e+06,2.371870095999999903e+06,3.931692531999999774e+05,6.663460193999999901e+05,6.661093771999999881e+05,1.019949520000000019e+06,1.720819199000000022e+06,8.859901470999999437e+05,1.583895514999999898e+06,1.465104139999999898e+06,4.527798789999999572e+05,1.156303692000000010e+05,4.249744000000000233e+05,2.218051998999999836e+07,4.042384303000000305e+06
6.245035669999999925e+06,1.078450109999999963e+07,3.473602016000000294e+06,2.853392209999999963e+06,4.887651989999999641e+05,1.044268589999999967e+06,1.042195749000000069e+06,1.547311041999999899e+06,2.559821714000000153e+06,1.328251240999999922e+06,2.552196109999999870e+06,2.158253060000000056e+06,5.465090729999999749e+05,1.574083975999999966e+05,8.089455000000000000e+05,3.136714453000000119e+07,6.223312140999999829e+06
3.893100399999999907e+06,8.176121799999999814e+06,2.182197319999999832e+06,2.061403500000000000e+06,2.487001119999999937e+05,6.131995139999999665e+05,6.146436080999999540e+05,8.993705300000000279e+05,1.425463229999999981e+06,6.523007341999999480e+05,1.336100669999999925e+06,1.271321620000000112e+06,3.059304810000000289e+05,7.020008442999998806e+04,4.338873599999999860e+05,2.076650075000000000e+07,3.417440214999999851e+06
6.652927969999999739e+06,1.414052980000000075e+07,3.972638810000000056e+06,3.378182109999999870e+06,6.629490550000000512e+05,1.059510178000000073e+06,1.059522280000000028e+06,1.661267584999999963e+06,2.577596955999999773e+06,1.389797329000000143e+06,2.598099073000000324e+06,2.416917370000000112e+06,6.293796210000000428e+05,2.189500650000000023e+05,1.070228500000000000e+06,3.655492207000000030e+07,6.933574628999999724e+06
2.729349509999999776e+06,6.549372700000000186e+06,1.209420600000000093e+06,1.181773739999999991e+06,1.215598837999999960e+05,3.803325789999999688e+05,3.799458134999999893e+05,5.700503469000000041e+05,9.998114040000000969e+05,4.523202440000000061e+05,9.411006579999999376e+05,7.932731300000000047e+05,1.470099049999999988e+05,2.668294150000000081e+04,2.489568099999999977e+05,1.457393682000000030e+07,2.157023444999999832e+06
3.398737649999999907e+06,7.295832099999999627e+06,1.739613376999999862e+06,1.780937870000000112e+06,1.708293481000000029e+05,4.265566755000000121e+05,4.284720396000000183e+05,6.107823512000000337e+05,1.082169398000000045e+06,4.954320546999999788e+05,8.533751517999999924e+05,7.448908699999999953e+05,1.893337250000000058e+05,5.147238567999999941e+04,2.847281099999999860e+05,1.742936285999999940e+07,2.123800242000000086e+06
2.551718475000000093e+06,7.034187000000000000e+06,1.021670937999999966e+06,1.101231618000000017e+06,5.931268799999999464e+04,2.888501473000000115e+05,2.883760466000000015e+05,3.993806914000000106e+05,7.153696040000000503e+05,3.014502004999999772e+05,6.328997500000000000e+05,5.411211300000000047e+05,1.102980678000000044e+05,2.217501209999999992e+04,1.672371900000000023e+05,1.376154741000000015e+07,1.473731149999999907e+06
4.852822349999999627e+06,8.141807900000000373e+06,2.535937379999999888e+06,2.590904600000000093e+06,2.718403784999999916e+05,6.796300809999998892e+05,6.796307831999999471e+05,1.017828532000000007e+06,1.784709645000000019e+06,9.290698449999999721e+05,1.914700981999999844e+06,1.830819330000000075e+06,4.024421489999999758e+05,8.746704106000000320e+04,6.622853699999999953e+05,2.348418148999999836e+07,4.897714871999999508e+06
5.317454849999999627e+06,9.135483900000000373e+06,3.284123600000000093e+06,2.819570736000000034e+06,4.628686389000000199e+05,9.041058630000000121e+05,9.041025206000000471e+05,1.312799544999999925e+06,2.156320435000000056e+06,1.033669880000000005e+06,2.032096979999999981e+06,1.936348870000000112e+06,5.130539510000000009e+05,1.284706680000000051e+05,7.720153659999999218e+05,2.733049996999999881e+07,5.381985834999999963e+06
4.237938429999999702e+06,7.027815099999999627e+06,2.904848961999999825e+06,2.586701390000000130e+06,3.592571970000000438e+05,6.813035228999999817e+05,6.812097879999999423e+05,9.531521104000000050e+05,1.539906283000000054e+06,6.296777147000000114e+05,1.045344835999999894e+06,9.257936300000000047e+05,2.520184919999999984e+05,7.188977289999999630e+04,3.210304099999999744e+05,2.160181050000000000e+07,2.616077140999999829e+06
5.173787240000000224e+06,8.589863800000000745e+06,3.081538160000000149e+06,2.654260899999999907e+06,4.796401510000000126e+05,9.525992669999999925e+05,9.526001440000000875e+05,1.454228183000000194e+06,2.382078125000000000e+06,1.235485712999999989e+06,2.208797520000000019e+06,1.884330449999999953e+06,4.726364689999999828e+05,1.263570093999999954e+05,7.033624399999999441e+05,2.695608167999999970e+07,5.395483887999999337e+06
3.190434939999999944e+06,8.009661900000000373e+06,1.572698665999999968e+06,1.657897120000000112e+06,1.943028030000000144e+05,5.002019570999999996e+05,4.999916942999999737e+05,7.529991831999999704e+05,1.373855953000000212e+06,6.847001785000000382e+05,1.359734658999999985e+06,1.386056275999999838e+06,4.332001829999999609e+05,1.768812233000000124e+05,6.496048699999999953e+05,1.843674439999999851e+07,4.005477211000000127e+06
5.871095200000000186e+06,9.329032099999999627e+06,3.753301479999999981e+06,2.997199439999999944e+06,5.948807576000000117e+05,1.077218990999999922e+06,1.078705954000000143e+06,1.820150789000000106e+06,2.861299141000000294e+06,1.606832205000000075e+06,3.068502029999999795e+06,2.979863899999999907e+06,8.290045740000000224e+05,2.471598310000000056e+05,1.353583949999999953e+06,3.098971605999999866e+07,8.478114285000000149e+06
3.652596729999999981e+06,7.549437700000000186e+06,1.786865804999999935e+06,1.700591679999999935e+06,1.976432349999999860e+05,4.566697829999999958e+05,4.548265440999999992e+05,7.048644640000000363e+05,1.128476993000000017e+06,4.594512568999999785e+05,8.883694599999999627e+05,8.288933429999999935e+05,2.170507000000000116e+05,6.478463818999999785e+04,4.359447999999999884e+05,1.809142419000000134e+07,2.435042941000000108e+06
7.556372500000000000e+06,1.231048759999999963e+07,4.597513922000000253e+06,3.877992259999999776e+06,7.213787103000000352e+05,1.364440340000000084e+06,1.364443460999999894e+06,2.225699890999999829e+06,3.867855231000000145e+06,2.198598098000000231e+06,4.044200080000000075e+06,4.207457750000000000e+06,1.277321077000000048e+06,5.094383439999999828e+05,2.278937589999999851e+06,4.008478200999999791e+07,1.231735483999999985e+07
6.197644230000000447e+06,1.261970300000000000e+07,3.279379229999999981e+06,2.980606028999999631e+06,5.183892020000000484e+05,9.113913623000000371e+05,9.113904978999999585e+05,1.326701746999999974e+06,1.989030251999999862e+06,8.875999859999999171e+05,1.455701726000000024e+06,1.294172429999999935e+06,3.561686670000000158e+05,1.192980325000000012e+05,5.659491800000000512e+05,3.162183553999999911e+07,3.791290036000000313e+06
5.432397599999999627e+06,8.946586099999999627e+06,2.643302220000000205e+06,2.506665720000000205e+06,3.286897829999999958e+05,7.398133919999999925e+05,7.398101818999999668e+05,1.036500004000000074e+06,1.577280399999999907e+06,7.071992524999999441e+05,1.392303389999999898e+06,1.135209256999999983e+06,2.864187110000000102e+05,8.023716849999999977e+04,4.126988800000000047e+05,2.465824464999999851e+07,3.306867406999999657e+06
3.440524500000000000e+06,7.257128099999999627e+06,2.021614256000000052e+06,1.974506689999999944e+06,2.002513439999999828e+05,5.462976670000000158e+05,5.451737709000000032e+05,7.708778281999999890e+05,1.237641935000000056e+06,5.517841655999999493e+05,1.042669479999999981e+06,8.585046899999999441e+05,1.706800110000000277e+05,3.600826404999999795e+04,2.591442000000000116e+05,1.854580026000000164e+07,2.367006645000000019e+06
5.962600820000000298e+06,1.214626009999999963e+07,3.458007299999999814e+06,3.206398399999999907e+06,5.553599952000000048e+05,8.939526504999999888e+05,8.939508272000000579e+05,1.427598706999999937e+06,2.222171888999999966e+06,1.179800293999999994e+06,2.137501060000000056e+06,2.139414359999999870e+06,6.297532060000000056e+05,2.314617229999999981e+05,9.302682270000000717e+05,3.194610098000000045e+07,6.068398576000000350e+06
6.837852500000000000e+06,1.274537859999999963e+07,3.565755549999999814e+06,3.087746500000000000e+06,4.792088752000000095e+05,8.618159614000000292e+05,8.614289002000000328e+05,1.377666760000000009e+06,1.973649453000000212e+06,1.037201722999999998e+06,2.068399000000000000e+06,1.977533939999999944e+06,4.727108670000000275e+05,1.502178559999999998e+05,7.834042600000000093e+05,3.282770482000000030e+07,5.452265922999999486e+06
4.939546299999999814e+06,9.376738500000000000e+06,2.748114620000000112e+06,2.482938200000000186e+06,3.946800165000000270e+05,8.200646369999999879e+05,8.196881337000000058e+05,1.283377790000000037e+06,2.123997689999999944e+06,1.144109125999999931e+06,1.832500409999999916e+06,1.582621979999999981e+06,3.919090949999999721e+05,1.241461750000000029e+05,5.452537700000000186e+05,2.613325501000000164e+07,4.476431429999999702e+06
1.584489345999999903e+06,4.391797799999999814e+06,6.005762049999999581e+05,6.367507064000000246e+05,5.064392940000000090e+04,1.926005519999999960e+05,1.931625199000000139e+05,3.031548080000000191e+05,5.386353170000000391e+05,2.465380728999999992e+05,5.636203009999999776e+05,5.034827600000000093e+05,1.335641579999999958e+05,3.431085540000000037e+04,2.329346700000000128e+05,8.738349257000001147e+06,1.467912743999999948e+06
1.251631590000000084e+06,4.138010399999999907e+06,5.201897600000000093e+05,5.240103159999999916e+05,3.423000289999999950e+04,1.550076754000000074e+05,1.550083592000000062e+05,1.875200119999999879e+05,4.682469192000000039e+05,1.793804000999999989e+05,4.189898560000000289e+05,4.210733800000000047e+05,1.044000000000000000e+05,2.038198005999999805e+04,1.835080599999999977e+05,7.613235434999999590e+06,1.148353275999999838e+06
5.512625820000000298e+06,1.126004540000000037e+07,3.079885279999999795e+06,2.856356180000000168e+06,4.822700679999999702e+05,9.434574640000000363e+05,9.449745942999999970e+05,1.586209189999999944e+06,2.868342771000000183e+06,1.763247714000000153e+06,3.402553310000000056e+06,3.366942020000000019e+06,8.355292709999999497e+05,2.754429500000000116e+05,1.564831564999999944e+06,3.129741448000000045e+07,9.445299116000000387e+06
3.224248200000000186e+06,6.377888099999999627e+06,2.176367550999999978e+06,1.875203969999999972e+06,3.537100272000000114e+05,7.175649368000000250e+05,7.171782820000000065e+05,1.189928435999999987e+06,1.955371470999999903e+06,1.069820500999999931e+06,1.820650120000000112e+06,1.700125959999999963e+06,4.121981639999999898e+05,1.107409669999999896e+05,6.533966500000000233e+05,1.965728146999999881e+07,4.697111861000000499e+06
5.483542849999999627e+06,9.291075000000000000e+06,3.749892109999999870e+06,3.055418799999999814e+06,6.291838260000000009e+05,1.107197014999999898e+06,1.104101854000000050e+06,1.771531335999999894e+06,2.976758785000000149e+06,1.634853904000000097e+06,2.965247200000000186e+06,2.969371069999999832e+06,8.852656700000000419e+05,3.325119579999999842e+05,1.578687094000000041e+06,3.080355548000000045e+07,8.731082992000000551e+06
4.773846769999999553e+06,9.279354099999999627e+06,2.460128890000000130e+06,2.421645560000000056e+06,2.520697619999999879e+05,5.686811254000000190e+05,5.684225317000000505e+05,8.589697911000000313e+05,1.433233628999999957e+06,5.953603395999999484e+05,1.147321000000000000e+06,1.097359870000000112e+06,2.589196650000000081e+05,8.022895750000000407e+04,4.325825800000000163e+05,2.321171250000000000e+07,3.016412073000000324e+06
7.480193000000000000e+06,1.167931619999999925e+07,5.689615469999999739e+06,4.166861529999999795e+06,1.079559775999999838e+06,1.568389469999999972e+06,1.568388963000000222e+06,2.419221229999999981e+06,3.956390689999999944e+06,2.113468973999999929e+06,3.645376450000000186e+06,3.393070000000000000e+06,9.135615670000000391e+05,2.927399679999999935e+05,1.222703889999999898e+06,4.172140529999999702e+07,9.467451875000000000e+06
1.052283309999999963e+07,1.882153460000000149e+07,7.061318009999999776e+06,5.414583169999999925e+06,1.348731278000000166e+06,1.988948590000000084e+06,1.988954365999999922e+06,2.983436709999999963e+06,4.813994459999999963e+06,2.847358251999999862e+06,4.586980969999999739e+06,4.160814220000000205e+06,1.357770851000000024e+06,6.127655570000000298e+05,2.350342640000000130e+06,5.779169253999999911e+07,1.306867424000000022e+07
4.110008660000000149e+06,7.594747000000000000e+06,2.521799799999999814e+06,2.085306343000000110e+06,3.147889476000000141e+05,7.724544290000000037e+05,7.729579453999999678e+05,1.123470719999999972e+06,1.873790268000000156e+06,8.930534290000000037e+05,1.743708000000000000e+06,1.707575850000000093e+06,4.273911339999999618e+05,1.357230730000000040e+05,7.792718100000000559e+05,2.206237753999999911e+07,4.793669866999999620e+06
2.422848790000000037e+06,4.710601299999999814e+06,1.488021299000000115e+06,1.217675889999999898e+06,1.650383753999999899e+05,4.688515779999999795e+05,4.685776498000000138e+05,6.719524370000000345e+05,1.240897649999999907e+06,5.705810520999999717e+05,1.135014909999999916e+06,1.249865686999999918e+06,3.333963780000000261e+05,1.099719409999999916e+05,6.513968310000000056e+05,1.342504601999999955e+07,3.479645746999999974e+06
6.674820650000000373e+06,1.065278919999999925e+07,4.391722959999999963e+06,3.360461600000000093e+06,6.861299627000000328e+05,1.199677496000000043e+06,1.199679790999999968e+06,1.877944559000000125e+06,2.836577930000000168e+06,1.510783899999999907e+06,2.954197833000000101e+06,3.126756339999999851e+06,7.972314259999999776e+05,2.409841929999999993e+05,1.368772063000000082e+06,3.439058804999999702e+07,8.487941855000000447e+06
2.383670020000000019e+06,5.895740700000000186e+06,9.400474540000000270e+05,9.537910252000000328e+05,6.077401799999999639e+04,2.633526336000000010e+05,2.638093047999999835e+05,3.735928410000000149e+05,7.029844355000000214e+05,3.159045590000000084e+05,7.708270119999999879e+05,7.557346999999999534e+05,1.881385927000000083e+05,5.356598240000000078e+04,3.647922800000000279e+05,1.215366699000000022e+07,2.133058566999999806e+06
1.976391820000000065e+06,5.031295900000000373e+06,8.960089677999999840e+05,9.692120509999999776e+05,6.811450900000000547e+04,2.533137439999999769e+05,2.532161504999999888e+05,3.811112579999999725e+05,7.873460215000000317e+05,4.000272799000000232e+05,8.369689002999999793e+05,8.144673670000000857e+05,1.826062160000000149e+05,4.460018913999999495e+04,2.861745999999999767e+05,1.101603769999999925e+07,2.164817271999999881e+06
3.618070793000000063e+06,6.382488500000000000e+06,2.198702192999999970e+06,2.203010950000000186e+06,1.969511744999999937e+05,5.857272695999999996e+05,5.854908989999999758e+05,8.017705150000000140e+05,1.355842685000000056e+06,5.529921191999999573e+05,9.603557199999999721e+05,8.947855300000000279e+05,2.107645050000000047e+05,5.262096106000000145e+04,3.858673900000000140e+05,1.848104710000000149e+07,2.504394106000000145e+06
1.986646476999999955e+06,4.523088400000000373e+06,1.036113937999999966e+06,1.135446729999999981e+06,9.695393240000000515e+04,3.011030705999999773e+05,3.012587315999999992e+05,4.252927075000000186e+05,7.614925864999999758e+05,3.760430529000000097e+05,7.026280831999999937e+05,6.643290100000000093e+05,1.354841509999999835e+05,2.801901222000000053e+04,1.970659100000000035e+05,1.094343963000000082e+07,1.727526165999999968e+06
2.110007490000000224e+06,4.034461600000000093e+06,1.245499060000000056e+06,1.205780795999999857e+06,1.236501165000000037e+05,3.526329306000000215e+05,3.526326297999999952e+05,5.419039599000000162e+05,1.143711023000000045e+06,5.795135222999999532e+05,1.060501112999999896e+06,1.083813629999999888e+06,2.602101610000000219e+05,6.253594077999999718e+04,3.937332199999999721e+05,1.168979313000000082e+07,2.860794064999999944e+06
2.066348280000000028e+06,5.597362599999999627e+06,1.019364319999999949e+06,9.883890129999999190e+05,1.274052293000000063e+05,2.942014349999999977e+05,2.929475321000000113e+05,4.867807509999999893e+05,8.502897179999999935e+05,4.546909589999999735e+05,8.242645799999999581e+05,7.176813000000000466e+05,1.546757710000000079e+05,3.361881816000000254e+04,2.893107800000000279e+05,1.217777983999999985e+07,2.019551249000000069e+06
5.691915719999999739e+06,1.005205000000000000e+07,3.316822720000000205e+06,2.873687189999999944e+06,5.527682447000000393e+05,9.921106099999999860e+05,9.937752338000000454e+05,1.549058819000000134e+06,2.597617533000000287e+06,1.520351425000000047e+06,2.669287040000000037e+06,2.466294229999999981e+06,5.446861379999999190e+05,1.388849472999999998e+05,8.435384499999999534e+05,3.014015750000000000e+07,6.662690804999999702e+06
1.910491790000000037e+06,4.104526600000000093e+06,9.562278909999999451e+05,9.629739146999999648e+05,8.270499880000000121e+04,2.879245425999999861e+05,2.879235762000000104e+05,4.772330310000000172e+05,9.722631600000000326e+05,4.171962787000000244e+05,9.023026679999999469e+05,9.336147380000000121e+05,1.974004083999999857e+05,4.583102603999999701e+04,3.319898099999999977e+05,1.045946577999999933e+07,2.411138649999999907e+06
9.474352029999999329e+06,1.561762559999999963e+07,5.526747490000000224e+06,4.602244049999999814e+06,8.817441459999999497e+05,1.555185338000000222e+06,1.555189199999999953e+06,2.356107632999999914e+06,3.880310646000000183e+06,2.158058166999999899e+06,3.830995120000000112e+06,3.331002470000000205e+06,8.679426369999999879e+05,2.566257980000000098e+05,1.311365662000000011e+06,4.760756429999999702e+07,9.597931687000000849e+06
7.078558500000000000e+06,1.138267659999999963e+07,4.636192200000000186e+06,4.064872492000000086e+06,6.359659839999999385e+05,1.148015476999999955e+06,1.144778532000000123e+06,1.752583159999999916e+06,2.738745037000000011e+06,1.452973454000000143e+06,2.448868759999999776e+06,2.248081518000000156e+06,6.076727610000000568e+05,2.365408019999999960e+05,9.876635100000000093e+05,3.603536143999999762e+07,6.528827350999999791e+06
5.448923419999999925e+06,8.763677900000000373e+06,3.680536839999999851e+06,2.863415041999999899e+06,5.964682883000000147e+05,1.041982614000000060e+06,1.041978574999999953e+06,1.483223831000000006e+06,2.780225731000000145e+06,1.485436253999999957e+06,2.529848500000000000e+06,2.383817189999999944e+06,6.924071080000000075e+05,2.983326510000000126e+05,1.158683977999999886e+06,2.918586850000000000e+07,7.063089427000000142e+06
7.557717500000000000e+06,1.665542680000000075e+07,4.465667120000000112e+06,3.776645250000000000e+06,8.225720635000000475e+05,1.299243329000000143e+06,1.299226597999999998e+06,2.121842350000000093e+06,3.411739381000000052e+06,1.881407533999999985e+06,3.205979649999999907e+06,3.002142069999999832e+06,9.401666540000000969e+05,4.661467960000000312e+05,1.533907320000000065e+06,4.329148792999999970e+07,9.148342490000000224e+06
4.761322049999999814e+06,8.930100400000000373e+06,3.129845970000000205e+06,2.523585229999999981e+06,4.570517448999999906e+05,8.788816640000001062e+05,8.788840677999999607e+05,1.301281010999999940e+06,2.029003290000000037e+06,8.585019618999999948e+05,1.442522351000000024e+06,1.173782975000000093e+06,2.421965510000000068e+05,8.059904459999999381e+04,4.104029299999999930e+05,2.574845739000000060e+07,3.349503851999999955e+06
4.221591669999999925e+06,9.716958699999999255e+06,2.629474120000000112e+06,2.225030109000000171e+06,3.869667327999999980e+05,7.464444420000000391e+05,7.444307018000000389e+05,1.164083212000000058e+06,2.041664151999999769e+06,9.811013009999999776e+05,1.758009660999999847e+06,1.515768963000000222e+06,3.772625860000000102e+05,1.097622562999999936e+05,4.661881699999999837e+05,2.485774514000000060e+07,4.226991635999999940e+06
2.309915220000000205e+06,7.064525700000000186e+06,1.185375101999999955e+06,1.085206867000000086e+06,1.454652509999999893e+05,4.006558952000000281e+05,4.001922960999999777e+05,6.110121389999999665e+05,1.114426750999999931e+06,5.617987619999999879e+05,1.100412892999999924e+06,1.043437750000000000e+06,2.809586240000000107e+05,6.844396848999999929e+04,3.828713200000000070e+05,1.487857398000000045e+07,2.876124555000000168e+06
3.334494379999999888e+06,7.901314299999999814e+06,2.046945000000000000e+06,1.815879073000000091e+06,2.223435199999999895e+05,5.755607370000000810e+05,5.751905034000000451e+05,8.485194897999999812e+05,1.402789959000000032e+06,6.381137787999999709e+05,1.193683415999999968e+06,1.163561080000000075e+06,3.374814689999999828e+05,9.360996430000000692e+04,4.148751500000000233e+05,1.936115073999999836e+07,3.203211078999999911e+06
4.422310099999999627e+06,9.297707900000000373e+06,2.229329078000000212e+06,2.230520648000000045e+06,2.363940910000000149e+05,6.694192719999999972e+05,6.690709198000000324e+05,9.476555770000000484e+05,1.589711384000000078e+06,7.902301252999999560e+05,1.401548308000000194e+06,1.347699250999999931e+06,3.789902360000000335e+05,1.054948552000000054e+05,5.079335599999999977e+05,2.308234910000000149e+07,3.741666209999999963e+06
3.703286910000000149e+06,8.688286599999999627e+06,1.648360419999999925e+06,1.630387080000000075e+06,1.917662735999999859e+05,5.123903820000000414e+05,5.142206203000000096e+05,7.748997779999999329e+05,1.405676140999999829e+06,6.556558092000000179e+05,1.203140262000000104e+06,1.102197200999999885e+06,2.416427489999999816e+05,5.268983863999999448e+04,4.040707999999999884e+05,1.972493001000000164e+07,3.003740851000000257e+06
5.381642940000000410e+06,9.880114500000000000e+06,3.985896359999999870e+06,3.103983229999999981e+06,5.851560751999999629e+05,1.139337864999999991e+06,1.139327699999999953e+06,1.844407800999999978e+06,3.105760911000000313e+06,1.691767804000000004e+06,2.844582700000000186e+06,2.518256060000000056e+06,6.270330139999999665e+05,1.778004679999999935e+05,1.119234239999999991e+06,3.185739519000000134e+07,7.286906482000000775e+06
7.148314740000000224e+06,1.295423300000000000e+07,4.551169240000000224e+06,3.480663049999999814e+06,8.069631624000000302e+05,1.342135194000000134e+06,1.342136320999999996e+06,2.026258560000000056e+06,3.092491306000000332e+06,1.689895911999999778e+06,3.092322191000000108e+06,2.831023410000000149e+06,6.966767800000000279e+05,2.024848310000000056e+05,1.026817359999999986e+06,3.843426049000000209e+07,7.849324572000000626e+06
2.279147479999999981e+06,4.788307599999999627e+06,1.229950060000000056e+06,1.157651459999999963e+06,1.460699409999999916e+05,3.909868109999999870e+05,3.923342972999999765e+05,5.298922121999999508e+05,8.186471857999999775e+05,3.925668129999999655e+05,6.566427339999999385e+05,6.437634300000000512e+05,1.592059471999999951e+05,3.638393253999999433e+04,2.506920799999999872e+05,1.212555385999999940e+07,1.746688124000000069e+06
2.299491029999999795e+06,5.517004299999999814e+06,1.202847625999999931e+06,1.216716118000000017e+06,1.343065915000000095e+05,4.214398084999999846e+05,4.204643311000000103e+05,6.403058046999999788e+05,1.190424682000000030e+06,6.399535849999999627e+05,1.165217245000000112e+06,1.245251632999999914e+06,3.409346770000000251e+05,8.062304989999999816e+04,5.155177899999999790e+05,1.368295388000000082e+07,3.347544395000000019e+06
3.099597470000000205e+06,6.336003099999999627e+06,1.955186514999999898e+06,1.671315149999999907e+06,2.201518800000000047e+05,6.456041219999999739e+05,6.463360396999999648e+05,9.919219229999999516e+05,1.676250554000000004e+06,8.578593401999999769e+05,1.492237530000000028e+06,1.408195216000000015e+06,3.413923929999999818e+05,6.230104894999999669e+04,4.704255000000000000e+05,1.810022608999999985e+07,3.774551688000000082e+06
4.380338580000000075e+06,9.398921500000000000e+06,3.004930470000000205e+06,2.458437330000000075e+06,4.134515486999999848e+05,8.700249640000000363e+05,8.697077928000000538e+05,1.351339436999999918e+06,2.304517695999999996e+06,1.261027040000000037e+06,2.249741109999999870e+06,2.214360246999999974e+06,6.298238760000000475e+05,2.023269710000000196e+05,8.830331230000000214e+05,2.631269635999999940e+07,6.179285327000000514e+06
5.829699570000000298e+06,8.924806400000000373e+06,4.046908020000000019e+06,3.247610310000000056e+06,6.571616230000000214e+05,1.235668740999999922e+06,1.237040432999999961e+06,1.993619679999999935e+06,3.061668241000000387e+06,1.709870040999999968e+06,3.062350560000000056e+06,3.129872689999999944e+06,7.989959870000000810e+05,2.276488360000000102e+05,1.342318260000000009e+06,3.194405305999999866e+07,8.561186332999998704e+06
3.839424500000000000e+06,7.208600799999999814e+06,2.254139089999999851e+06,2.146425549999999814e+06,2.556770450000000128e+05,4.992437579999999725e+05,4.993434405000000261e+05,7.103555267999999924e+05,1.038611289000000106e+06,4.815456897999999928e+05,8.639976459999999497e+05,7.887122900000000373e+05,2.445778720000000030e+05,8.107947349999999278e+04,3.280756099999999860e+05,1.893336669000000134e+07,2.306442891999999993e+06
2.053623139999999898e+06,4.173792100000000093e+06,9.924671080000000075e+05,8.532113529000000563e+05,9.500908040000000619e+04,3.164996153000000049e+05,3.162515315999999875e+05,4.962028710000000428e+05,8.745347759999999544e+05,3.952462104999999865e+05,7.642428540000000503e+05,6.370039070000000065e+05,1.366849349999999977e+05,2.626503494000000137e+04,2.085681199999999953e+05,1.056683778999999911e+07,1.772764851000000024e+06
2.228121290000000037e+06,5.436394299999999814e+06,1.157442535999999847e+06,1.121496185000000056e+06,9.571307869999999821e+04,2.890509102999999886e+05,2.887284456999999820e+05,3.970423120000000345e+05,6.657300709999999963e+05,2.509427026999999944e+05,5.092199715999999898e+05,5.441287710000000661e+05,1.037879967999999935e+05,1.503001729999999952e+04,1.764498900000000140e+05,1.193066183000000007e+07,1.348616646999999881e+06
1.610329989999999991e+06,4.245329500000000000e+06,7.741010797999999486e+05,6.883909943000000203e+05,8.527788599999999860e+04,2.204250253000000084e+05,2.204251835000000137e+05,3.453946521000000066e+05,6.662107916999999434e+05,2.254163147999999928e+05,3.555921920000000391e+05,3.811238599999999860e+05,9.489406840000000375e+04,1.530997745000000032e+04,1.343348479999999981e+05,9.081301417000001296e+06,9.812549459000000497e+05
