"X1","X2","X3","X4","X5","X6","X7","X8","X9","X10","X11","X12","X13","X14","X15","X16","X17","X18","X19","X20","X21","X22","X23","X24","X25","X26","X27","X28","X29","X30","X31","X32","X33","X34","X35","X36","X37","X38","X39","X40","X41","X42","X43","X44","X45","X46","X47","X48","X49","X50","X51","X52","X53","X54","X55","X56","X57","X58","X59","X60","X61","X62","X63","X64","X65","X66","X67","X68","X69","X70","X71","X72","X73","X74","X75","X76","X77","X78","X79","X80","X81","X82","X83","X84","X85","X86","X87","X88","X89","X90","X91","X92","X93","X94","X95","X96","X97","X98","X99","X100"
1.8557422075998,2.09694733694382,5.01507936400526,0.936885589848799,1.8926113488799,3.09933870095709,1.94374464125609,1.97187715458597,1.72344526910514,4.25703732834125,2.77861610406874,0.824725033747532,1.24337137706029,5.83308227887685,2.33110004166313,4.90785007525356,3.51801042407217,2.881045509091,5.14070180746025,1.48924693452049,1.1572755406985,1.68840660447802,3.45156137496103,1.50486831781512,0.91870733700042,1.69517706591544,1.2505918323728,2.3273197188687,1.76974261696552,5.20733033809344,3.30529090654831,4.97160881424101,5.2459112685523,1.43683506330565,3.80872325617304,9.23268928362165,3.66878505864915,1.90548258371052,2.69242097600267,1.20143400752371,2.03686947080496,4.77580375981108,1.49876991852273,3.51815006050706,6.42343846667016,4.19058476159588,3.73410959380864,2.74134590271343,2.19772213111731,5.31206637783048,8.43592637854073,4.60569797175542,1.13585802606726,5.09933436181747,7.93542104778578,2.9633233508725,2.52618415724931,4.9316871462862,1.59613584961528,3.00311933705845,5.84465907309799,4.98320985704426,3.9936508253391,11.0262725984688,1.01538732168306,2.09947313569244,2.44114441626604,2.73832188097867,6.38137805205011,1.05637722502178,3.32447760600546,1.7466696923848,1.57236880309121,3.76760695275653,2.99927901531383,4.94506901283083,1.12345870931227,3.88880406100307,1.60577507424498,16.4425714892934,2.02405673947473,2.12190061447827,1.10946977782114,2.48201547544986,4.21431806824805,2.23047879125848,1.83881727538665,1.53474378081614,4.93825894296455,8.27893933698114,1.84410926293507,4.92621837067149,4.34123515128662,2.18582334987757,3.56183626078764,5.01513305992486,1.7335735495199,7.6989225464983,4.0533068455872,5.19976984723913
4.22159526159321,6.38183768968759,1.97881823980499,1.90821463441351,1.4232015756526,2.41789290741666,3.79753303716468,2.98986687083207,6.42014558111075,1.90917603511253,2.93235131896561,6.69808971391131,5.20176337547463,1.53615605781262,3.49780661377864,2.99343445219068,2.10207905850705,10.3183254631776,2.36943109395453,3.2273512093189,1.69250712208277,1.92220846263921,1.41777502199787,6.68905227802035,1.59410517485585,8.365585757574,2.37879670928883,4.96334236276482,1.02916905158249,6.05434223700299,1.22078775555409,1.36256084092224,2.07727169183512,8.80798911128761,1.67632188544717,1.38894734064959,4.07832916479343,2.12848733751534,3.14916043036578,2.99376501710022,4.15601311227666,2.1648152942947,4.98011067745838,5.99857364785754,3.96702173590183,4.59702221051206,1.4279367421813,3.35121632635205,3.89702816108783,6.89843673680713,3.00732521719894,4.25946779107657,1.55281472649932,4.91149201878604,4.9780472518173,1.22555711553726,4.58694128029755,1.68766553901233,1.37274840239538,4.64766487965485,4.24665449064637,2.96621989910367,2.09480593522167,2.69023015377851,1.73412923821965,3.21786077692887,1.72327705043503,9.45668401556152,2.54515447924934,1.56104704812562,3.77685280911473,3.15786391904244,3.64244467224901,7.0363158290707,4.6818871138418,5.50102269740651,2.02842068199458,1.90107467764472,4.05988553345295,4.98184590966386,2.35664306601793,4.39871705235943,1.14146839441846,4.80177308945297,1.54478232511992,3.87850027070457,5.70415737634413,5.4581780326479,3.51429593456834,5.38144399232427,1.26220613255741,3.08178953042288,2.18336685130849,2.54410267833587,2.15883054785335,2.512675484421,2.13964385174862,2.7717784741873,2.10807769729269,8.22068441987205
4.547201256123,5.55925763049009,2.6977246124065,4.06516381821281,1.95990678455923,2.92134574762834,1.77559472812893,2.56843465503005,2.24102767391072,6.49068329733984,1.77101037252308,1.60758139551625,5.16703762832458,4.31654671563612,6.71992417147031,8.3338584226471,2.01783422651168,2.76689746252473,0.915021249161752,2.57107843934178,2.18523079511747,1.12183878753121,0.525070741038773,1.30045013684677,2.02740411599463,2.88468999732107,0.974655492419051,5.06685658743362,2.23048137879154,2.4753811252266,1.8842455975089,3.43634217949881,2.77566616251897,6.10102856279661,2.87335605396919,1.67511152609395,8.02949312416647,4.60221429490053,4.55303156656359,4.17114460624324,1.59922606614996,1.44407386903593,6.50523142834944,8.35682914211398,1.81651992388946,4.9741713602305,1.76807172149715,1.63123104043877,2.72442972454532,3.10388891476504,3.36266218090626,3.7737142902385,4.14185297226398,1.53001167129014,3.94492702552199,1.8186662828464,2.59186995205641,3.24579982456133,1.13925329355027,2.23136763204891,3.06740121797833,0.833061791643167,2.82496654005186,3.22230901620783,1.55793197345502,1.65325285277717,3.11640891229172,4.42518438918898,1.50052973672954,2.84886771694441,7.08094894536407,2.30475452820365,3.08870296287224,4.99150076461591,2.39273359276678,4.52741345639102,3.79492297314266,5.74791292276436,5.98413595946339,5.22342058309836,3.43899243557378,3.55607641643832,4.21585839365912,1.47253701436343,7.12770569785825,0.749552793445161,5.24750321709406,1.35430642825255,1.80898641412713,3.51131062420636,3.66791943232098,7.16251049242825,0.817789828009927,4.39178425008049,6.69135480871472,2.22578734088899,2.39170451576602,1.88327141103763,2.58530526229883,4.96551986563614
4.43069663976778,2.2126012767801,5.28635489641726,1.63320943980347,2.8788049799127,1.28433722935869,3.06885176988813,3.16025653086994,4.27155489504194,7.45339902611994,1.83302279343589,6.95670238659489,1.81434298288111,3.94798403073276,2.39327175238878,2.38841955109399,2.7523700266552,4.49695677405786,3.55629007125038,5.36154476912703,1.67277179153963,5.2636281346077,1.42573958439873,1.97435511791458,4.32000978442788,2.07707814272878,5.89855002294302,1.16012634371238,1.47540858309524,1.75721385986829,3.64399066039483,4.29977853968542,1.83379426357578,3.26192398771498,1.75096636166136,1.30163175023612,0.991974741833646,5.22956862810686,6.9425174659087,6.01813765539812,3.59772230067809,1.98850970961728,5.01712959523175,4.90428104656089,2.23028187612561,3.60561497675736,3.90059899243793,5.57006410361535,3.2766997960937,1.80804732681529,4.38013946252939,3.87419070670545,5.11957492310115,1.3296605114223,4.23265226035143,5.4884961231183,2.79453580749085,7.007295857886,3.95336915100921,5.80145595020655,1.39500264660539,1.92355344556835,2.14071768677217,1.24461340435186,1.69893006672937,2.55663540213207,1.63005759638392,0.938064339329603,1.3905641157826,2.88477985488866,5.16985623597724,6.91080106481958,1.70976765322418,6.33014404671193,2.85416885196019,0.763533804146773,3.60853317796091,1.72214244584863,2.86199315827666,4.99119133431438,1.9176562612633,2.03251932202467,1.38937967124911,4.57733490164515,3.80473753091719,3.96411444188765,2.53055841720129,2.28848935270541,3.00708188408429,2.90820258458213,3.97640549389109,1.52393224742047,1.0870572920021,4.24405085895536,4.07236045894572,4.83232153920268,4.6375930904159,5.89578795540622,1.89863353045819,3.078095161482
1.88252736317533,6.28669353891816,1.94529063122002,2.93386577194032,0.77679042978578,2.16791846919485,3.15439225329148,1.62989108944307,4.522628758139,0.812567508815084,1.65795836277745,9.28652348312422,1.3946718442652,1.88160075557395,4.88691133899979,3.41673026606593,5.97460018515836,5.3010331798003,1.37660449887457,4.24855715867231,2.36694981041358,1.66493816106492,3.52388601325769,1.28476788308527,5.53045120325798,1.28991305852177,5.10433139644186,1.94399753883705,3.13500030846822,5.42719009178169,7.02816238267205,1.67284709665661,3.3279865107944,2.8677909439302,3.1663921070146,1.84715670277775,4.92844117113967,2.05358059581256,2.00333654240052,5.00048623798153,1.46218353334707,0.633526956141305,5.46931578766201,1.83681703740088,1.04281010664049,1.67550808323886,4.63901498274448,2.72295780181745,1.4906751413811,4.11155296446689,4.12013283615653,5.1451992032668,2.93134580399007,2.90311767907925,1.55910344186867,2.37995018775403,1.96447439965964,2.09100021333395,6.44594774355698,1.29507218418938,1.30250199674686,11.1819538122578,3.14719278357934,3.93422418222365,1.14807561065568,6.06164982974324,5.40845008597248,2.45173105060932,5.15938182919863,5.26968119896829,1.86651184377422,1.84899857115492,5.77781458604234,2.71877256396455,7.64023509812493,6.08178007720452,1.74882064534061,2.6911647593182,3.01747279853109,8.02652711495341,2.95753958183903,4.51570094907171,4.78887758005438,2.12677349862731,4.43964629391172,8.48867218578217,6.9063124043255,3.95123588504877,1.94507861944242,5.37882530804871,3.78819328426564,1.13615477050742,4.82724390956601,6.0571490337123,7.03326056069727,2.84460492568231,3.21142189923568,4.86889547606677,2.16373129934661,1.92382436967691
1.83449293845345,8.56394032825681,1.70802790835676,3.52879559577766,1.59929221563946,2.89947567854813,5.42329177538283,1.76126072283269,7.73367998549128,1.56557928889408,1.36304983608356,3.29243026423539,0.912229140926664,3.22411459066253,3.9869924356378,2.62226940570589,3.54545989537385,2.72633353178572,2.11582326901498,1.38291337123059,2.00462751039749,1.51095154899857,1.57859473364713,5.39053831471469,2.39888874619981,6.48212970963683,2.29960981929556,2.63410217752449,5.52952534391196,4.72768782823887,3.86065123333365,7.24080984716898,5.63034555801284,7.97355528554702,1.49054132329218,9.80123234032329,3.16386648658252,0.773478460117326,2.45275028181886,4.37478269060341,1.90286796411211,4.65102544618222,3.17951312913476,5.89923500762563,2.16518336469247,1.03753264848079,1.75026239468044,2.78841747982906,3.56128737801856,7.95315065369129,6.46982621203815,0.718757626559686,3.51274472309605,1.48554283500983,1.11987434023061,4.43227618527593,3.78578600594006,2.90373112516102,3.52745677520475,7.53157838659024,2.67016722675615,1.44051098801206,2.63524331515483,6.60123715899579,1.055483589944,6.94343026529948,4.20181780979396,1.2934427842031,1.65769443184241,2.65697472295005,2.03839336281749,1.34681143660747,1.57889781473949,3.53693764531481,1.92991163707272,2.91604849921612,1.97572366002601,1.66891404525462,1.38262746043044,3.22585598474434,1.49041038331467,5.13356569779669,6.76962563332729,4.09118298773392,4.54375241788246,7.67536566270974,1.68823466838583,4.84563883573614,3.84952248223754,3.01011525041987,7.84043689307775,3.01323833310553,2.55632144890069,5.46533506229507,1.8019602539344,2.22009263732708,3.59772287416247,6.25331062096467,0.842425328755035,2.79579788689878
5.43802689748499,2.77474030217664,3.60140989460779,5.07553486593733,1.73385286693845,1.06450731871424,3.30114116422408,3.6394736032899,1.24168496735722,1.4225959577307,1.22048116724278,4.71553914757103,1.74494179630534,3.84636556344956,1.7464147610805,1.57014980227437,4.24231106444951,5.96247779381507,3.54832163938773,4.39578270495423,3.03104773542824,3.8556548927406,0.95016834230372,3.47077722195218,5.92126450258375,3.30688072838155,4.65442910873844,1.82935070372521,5.3133963830443,2.5113888437187,3.68525076483527,5.28867089150436,3.96447028620765,6.0637631514867,1.55538415450943,1.90117530176762,6.94365320907686,0.921347897752639,4.09197875019453,2.51078347726102,0.791953305275447,2.15260423326723,4.58495227738225,2.70096601756431,9.77195916810323,1.53892296051239,7.53251717592866,3.39063022739959,3.86566135133315,3.3866446286487,1.71617398709839,4.65680717423558,4.86623208843695,0.966522962605172,1.98135443769105,2.46920237985631,6.30893441458786,0.807343736151266,1.75789381724399,8.19543443520832,6.80831155784035,3.72827980193027,8.49845372543239,3.38454734237359,5.57032714917161,3.59795550498433,3.56248088016209,1.41210818426525,3.84213337074427,4.18487588736025,3.51319252404198,2.65020465977347,3.77219142660349,5.47233568411331,2.26468633282718,4.33704043063878,0.895583084093654,3.94824529536686,3.38026701319054,1.36752008263927,2.05684190994178,5.35202505705409,0.990377328976224,1.84793379275194,3.40664145397475,1.81815905114281,2.13774428696964,3.20716566509045,1.84164539001711,5.12932205742982,1.02852063849418,4.7497190699715,2.32791186949849,5.26500287042766,2.245733099891,7.21328115341606,5.76372683902621,1.79858333221389,0.969269262846586,3.12425423015357
1.76188584636721,4.34428173809194,1.80779709223494,1.63695440606958,1.87553873313225,1.03608579126444,4.6948338172618,2.72829361118398,2.31017651055838,7.14940233023389,4.6489445373487,1.92609339508496,2.04107460414414,3.71438299697157,7.15396324219008,1.03550972993336,1.33475480812769,2.10476953735419,1.52672467859872,5.4680036071762,8.27090856857067,2.93007280509793,3.92420969062318,4.04393688919213,7.37591566582935,2.18487010242129,2.38202918505327,3.7426018601506,1.75865212020887,2.56007824021972,2.33302412989298,3.37136297695968,1.5076672974465,2.35999789152926,3.56667267961241,2.24505095186055,2.54591028695304,1.27244832450362,4.3878355056862,1.61402349843322,4.82977187494764,4.61971987137442,2.05595728420204,3.73708182242589,4.33368893550923,2.11458203128309,6.08739923072739,5.39769592394958,5.60265872868688,3.09857373069931,4.5416555533576,3.8430096944775,5.4622027557715,1.70953312935428,1.29395310738956,4.62966025354588,1.87965620129711,1.87351068968237,4.59779572997982,3.31892556438621,5.11063584391753,1.50279293347645,3.10330736860627,5.10253078767488,1.67386416735688,7.56619758648414,2.70431793136044,1.03907259086883,2.88452614058723,4.94642903295454,4.2854741760256,5.48083037944441,3.53420941219368,2.91967630115105,3.22051439807686,1.14734109192275,5.297023444133,3.51084781668371,6.98048438958039,2.92104497746174,2.13319268288013,3.14781403005528,2.43638286181546,9.68581698879653,3.27982911277069,5.09820332454862,2.63247854078521,4.38667919720408,5.57920582054547,4.04955342657975,0.957761160525959,2.57515800988295,3.61043484928981,6.33198531877438,1.59247607360568,2.08299251960188,5.44462470617605,1.10297932489351,0.916924019422257,2.56615078993918
3.06097182755866,3.47255844696212,2.6945740841827,6.34465284409891,4.54954270250071,2.68291273181526,3.79983307459574,1.71734409009824,4.40423502554132,2.59985931672865,3.85425723114953,7.34668041740845,1.25733963719271,1.78010929194389,1.88929551576456,5.40756432177814,5.3995054812987,8.78290056169316,6.37015548913463,11.2278613445017,3.26354286670379,8.34035942625073,1.03362017556341,4.44226014173446,5.57396628148526,2.32860550675961,8.90279492041934,3.12862137525258,2.93477587497492,4.28782249470291,1.75975189370183,2.26069404919599,1.56339497071286,2.92423636487005,4.88312847012867,3.82304234555277,3.93338935343125,2.21514282933439,3.30933570760234,1.02973471341917,2.0767449234401,2.60424180750669,1.1052241876541,5.52813093548205,2.41645318628573,3.63401768537955,3.31042731114704,3.70651190024542,3.34665760126492,3.70923660968017,1.70567235242263,9.3423658719375,3.26384228993502,2.38839654251744,4.17440563336063,1.50672632635604,2.86933974987243,9.20364102249735,6.05120924203992,3.90007149205658,2.98837123434845,1.78457339720016,1.15897901505719,3.53199453928116,7.19997203082166,1.80848749288356,1.35920968082909,2.58411184007874,6.24755964214293,2.73240408966895,2.45037513560741,3.27531279779694,10.5417582779166,5.75202385420901,2.08580257306132,1.8976664585932,4.1995616272144,2.49630481319305,2.51203768019749,4.82637225796632,6.3021923473065,2.97336408060398,3.29857646788266,2.47079461271636,9.52262563060551,3.79012990030054,2.2089282089889,1.61656456090124,2.25825813506301,4.4526696426404,5.40151882230551,1.52773661318144,2.0824469671908,4.28848106366036,4.08679849105994,6.9232898838416,3.22726510610573,2.56888936730236,10.860925995294,2.17668356204765
3.38991845351891,2.37144095834915,1.02163104539659,4.67984798225507,3.9967174959774,2.6164272226565,3.49185648588479,2.94190302115872,1.24951371428336,1.90318598887135,2.55182941573673,2.4899453091128,2.29238976111064,2.40078669741726,4.89135256974089,2.61436849272717,5.16002993573444,4.28606466388526,1.94191952222318,1.78202485101694,1.8071916514183,5.4871538395715,2.73057825730128,6.43754363067569,3.8205229411778,2.40064436894537,5.82964471898276,2.02269333451943,5.25511484380799,5.13237521484886,3.51231566573817,1.44199150173339,3.49521024650436,1.15232646023485,4.92374980596131,4.45789797287379,4.78582821219149,1.6856518354984,3.91147705987033,2.42003752283708,2.48197819199872,3.88409299151593,1.99632776191178,5.88726343168671,1.16122835420987,3.43864103562606,2.21895290893717,1.28841315912581,1.39394194312037,4.1217152480897,0.853129275482744,3.33117399783193,3.16378702632007,10.9229476387134,2.74204722497349,3.01900278138871,7.24648829550976,1.08114478565324,1.64578777014835,3.54132893144771,8.02210499357877,2.15220836233451,2.20713228684869,6.98696194047418,5.0323734270408,0.940486932527821,2.33724530395634,7.2221280993177,4.80671622717847,2.91580195514215,2.50974402915294,2.20758120740527,7.21764219550877,2.9994053503402,1.77813431474958,4.02811253667194,7.68041379162094,1.1552198023725,2.97807083312462,1.23441487949064,3.26068325162073,4.90736122885922,2.74798071514249,4.92425583310304,5.91357354083791,2.36411893628162,7.41854186327684,1.21036766225342,3.23001859690274,2.79811573094283,3.68402799422669,3.04283371192086,4.53275630959851,5.47432064365043,2.81357183873791,3.09006897976208,1.58641192600916,3.21440046014178,6.50652598050918,7.13744090512923
5.38261767651332,3.21781698678197,3.50101095365977,6.97975021184935,1.90156737607977,2.58015212090648,5.53248495124256,1.43280844834174,1.55426505354356,5.0516782201321,3.34421976751575,1.05722708735058,9.45864285969454,3.59231157320787,1.52091812715548,3.19146045490249,6.32200504214178,3.55610255699308,1.39230735547695,1.55834252743596,1.53452626281954,3.25350505045662,2.40652346918418,4.53082361040725,1.87341247197708,4.46662507866997,1.01124394354962,6.90451689638548,5.53078690384039,1.0736510896965,4.5624344234614,1.6611450939003,2.8219698235596,1.7984919795098,5.20209347811705,4.39257349946521,3.17982918618801,6.61190283775636,5.73501788358581,7.83410701967051,4.95252484038303,3.4229718187616,1.66907676224244,1.34299181721834,4.35871809479841,3.45900804181208,2.65758782514277,2.2140074264442,1.12170644568962,4.4530987050712,1.86322694269166,1.29537451528328,1.89475858777577,3.11315518717779,2.67246935478087,4.34153788906569,2.40160397687239,5.16648409921048,1.22513467941252,3.97737254599355,3.0969524068593,7.77521534639955,2.07321983023757,0.899254411503043,1.44955164120261,3.85873878334151,2.69600298012764,2.13936681711434,2.54672518817642,4.32180824585702,1.37083034772843,2.48323391499692,3.66660931325491,4.64734544319866,2.26830477485137,2.29323897983872,3.72337581978637,3.55184833005469,5.15852253495853,6.21734850429289,3.38346407841202,3.35870111593307,2.5576975344648,1.72557027063192,3.68414820629744,2.2588154683104,4.6766438220379,2.13068213116688,7.67643651595477,8.94512738141038,3.33965606098318,3.51572757483552,6.56667916192382,3.60542171199526,4.53181579411516,4.21880837682003,3.60827264401188,2.73524001716961,2.91631401733738,16.3006701133283
1.20814078908473,2.16305015331142,2.75901311511482,3.58600660054833,2.47381894388587,3.35766459573042,3.05580112041109,1.03061132782648,1.37517014556344,4.40796745317851,6.54732381973139,1.2177389337192,3.03256474090703,2.51477336854032,5.95833429098406,4.79242745572211,3.89048128244689,2.52605656742592,1.01590878907284,1.7749537960761,1.86274579177015,4.08277327976764,1.94904993960578,3.46636141709708,1.64203202011646,5.75120770081114,1.38246721093474,1.42125629897908,1.30434777431472,3.35323966455881,2.66391679821991,6.59959245943906,1.09484904904302,1.52278987478556,3.54175937042507,10.1639761595564,1.65150416322562,1.22564234068324,3.73472768382023,5.03844793340875,6.13664504260863,1.99649221609785,1.62870443042042,4.68125909794272,6.51615963536181,3.71168892954705,2.6011417724256,1.73309098119763,2.2574370385004,5.22583290377948,1.32818254583573,2.14886032136067,1.95009765512062,4.56905910196721,2.04389808569725,1.32883951768073,1.28794026545024,2.35573595802205,2.1271560869494,5.56607436365494,6.79177519342967,2.13276628763119,2.09631115842289,5.8424334504201,1.51799746941978,5.76136122725919,5.78285775639698,1.5891586661654,2.81129342695359,3.92729576145975,1.2778451391275,6.49355770987054,2.42748688772036,7.10898248029898,1.86179575318106,4.32425614480362,1.77588998152283,2.19132381074187,1.56581390162443,5.07133830044832,4.22281123350951,4.74334747937282,9.69247293767367,5.47098441408008,3.15769886586048,5.78158897961886,7.87603904350276,6.34514557204487,2.80042919713322,2.66672291330144,1.94436907993041,5.53026119212707,2.38750895350108,4.56541866308467,5.02643696146328,3.27700212607814,1.7126966186925,4.94830026787701,2.9952529840297,5.57484464048056
1.46543194906144,6.68874001443924,2.55107631509091,2.37003079982778,4.37324469331244,1.10507206449852,1.45262777964229,2.24953660772175,9.32756960408393,2.38562859170466,6.30289265809485,8.49504280644338,2.23178570469048,4.17693467317081,3.61421893395506,11.3925440250087,2.82420926223704,5.40905520909852,2.08509569167861,5.94140529994353,1.66019344979495,2.03101643170249,2.72857999864209,3.14870764726525,1.8706666949589,6.62084376513376,4.94391674723797,7.39081815820951,5.91281822828568,4.09148108135995,1.97248179522265,6.49710145829269,1.37773262398292,1.75901637978415,2.04608954622816,1.64724117363283,1.64020357385658,2.0383723481744,3.2992848797273,2.26104853740351,7.62292802642553,7.86225871383079,3.10871298934867,4.47538635068016,2.5900262275101,4.74281796576677,1.1710287680604,3.95604713361704,5.23350809976561,2.35546427217539,7.60438575246081,1.41830658649351,4.62599134795959,1.51386058619079,1.51832004440363,2.67789532096145,6.01069815946221,1.8179989458863,2.38884525702408,2.20424020078765,5.54007224725359,1.950406596056,2.53033967676985,1.4756501474961,1.60806909324242,7.9789133937655,4.97413775814031,1.41299762307851,1.55597763796262,9.87970699098469,1.72977292453009,6.39885771349311,3.38843477573599,2.53334340079506,4.20655504374016,1.62316429419053,5.98488900667079,5.73365427426507,2.59189595954144,3.72462353268836,4.84993903432709,20.4460044899664,3.23059277732834,4.576402688117,2.37952582906845,4.59021260880855,4.04333348321141,7.47369184516628,2.56167949574803,4.87669399678427,2.95959081009007,3.49003998720176,1.69776853928538,6.84730108807311,1.49796951451804,3.19877366757498,1.68892361597864,1.63930724912067,1.42742681421991,12.4824681590406
2.3350769201641,7.78382042205839,1.93726814429834,6.74377655750026,3.98417162368029,1.3743374709531,1.81753281462742,0.708556215004702,1.84926730279318,2.72977518865828,2.75001383918374,3.74245679407485,1.58116485654288,1.71460551788567,3.32960836211366,2.53931828815645,4.74992063823228,2.15500325721165,3.84154910988998,1.47363233152174,5.0851494833743,3.48946733618616,2.58888665576365,2.26362959627086,4.13855362901078,3.24910621814984,3.09172535950903,2.24883091674393,1.71509174069517,3.36472765431061,9.07529557979201,2.01775355760682,2.31369696234373,3.03700724875971,6.90747945594759,1.29975416373804,4.91072660646593,2.2535057772239,4.16661730446786,6.08438968958387,4.71851585265566,1.52548228797675,3.27537606688086,4.54048246017689,3.31611243685035,12.6172706926513,3.91237204004581,2.77523268670367,2.5028911660584,2.35521537051083,1.84317982247716,1.68931021028978,2.47563732192087,6.07688562274344,0.66164488256263,6.77130952419922,0.624445175507604,4.19390775981678,3.39212485354277,1.88036528473701,4.06954761094822,1.03066350891529,4.05358303494051,2.93799467599087,2.756564677912,5.04543369814918,5.06134962636396,1.94471678005321,1.6529294722917,1.65474078485681,2.45691591071521,7.72016145506423,1.64801347392154,3.26746409778627,9.18197506144786,5.96930907630897,2.78234189652409,3.7465609051041,1.66376900136451,2.22591931434173,3.03949761672312,2.63281181495185,6.22210083037984,1.35668999322714,2.9459452545353,3.98577553351378,3.86347095591956,3.95065475517416,7.75468665623139,3.84107854222252,8.67403395441367,1.26918979272671,2.24656290053347,6.96758276728424,1.93726810449572,6.00657063913364,4.43677174788558,3.71840045217206,7.15226402967017,5.97904670815603
1.29716991819067,4.05695580124006,9.66296457229563,6.04641231282609,1.83985890747306,5.58041153421276,6.28451763933899,6.17535699619879,1.36458476439509,1.50783740077836,5.84972766207307,4.27598311454251,2.64556770132311,4.69696513083801,4.95204903416763,7.07821471262428,1.19711756596142,6.57191657082759,5.69011324961612,6.11885175034702,3.43746672605764,2.43180455125747,6.02248523495829,1.81050644924352,1.71677778030931,4.9249591795349,1.15847601314047,1.82355456888166,3.01476996525355,4.27231895865879,5.06575535854539,6.56918622752363,3.9502994553177,1.98575235787831,3.00602777730331,2.89189176558379,1.5497503139993,5.03713969094917,2.62609731703219,3.71105262893485,2.93719588388172,3.91505344047691,3.63920838813043,2.23451804143571,3.76474049257501,6.28815172376231,4.83372219911853,2.40309644533978,2.67777846486979,9.38307065640536,6.35575960418563,5.04232319513639,4.61438284031645,0.865681415243487,8.43536217267163,2.23015196977668,1.55263849199622,1.43019217089864,5.08049601046731,2.95501745193585,7.27283828053494,2.27547834024844,3.6817527043302,3.04823329825725,1.48085045212392,5.43648139323204,7.53935052683834,4.04736185853754,3.26905448404424,2.79323884313631,4.31647744426219,5.549730111761,3.47221404424915,4.87264917692874,4.25264519511289,3.25204930247683,3.1213499444305,3.41671436734933,2.78004132251611,1.43954016668207,1.70337643085278,1.45840730114892,2.12837817047198,2.58219743149173,3.31562796036982,2.75489465528396,3.67089750236105,1.04923534964969,12.2047856570575,2.40493504299591,6.26309567154926,3.77506918817644,2.14280232806242,3.07284307545595,1.35578176232361,2.23419072483352,3.12045453201928,4.27365807197296,3.0304843288288,3.93315496528383
1.72076556842736,1.56984908495598,7.70356505911113,1.583395782837,1.21312013590621,4.02405353652563,1.11707462534987,4.62080774305904,5.93943907787743,4.40778918470301,1.46802170482219,1.72189351796388,1.34628218989616,5.7660135850969,7.26714145936214,5.11444086901968,3.65829275909035,3.22417028068835,4.42196819722691,1.25871306967164,8.95917764653253,3.419130834522,4.65743818807227,2.18490334380042,4.50307414226011,5.13187619404689,6.98891379909418,2.88337087901084,5.19970185708696,3.09437274901857,4.2622504326762,6.02230775523664,5.6032169637737,1.67460412230786,1.16994469955559,3.07750956155658,1.19293791089982,1.18522740433046,2.23001636705708,3.3506789479786,1.35028567894648,1.20187542579439,1.16865845319262,1.00553169388382,1.36712686363488,4.46809693689454,1.35801200414803,3.94965301924628,4.363622864146,2.94255559352794,1.25392329324935,1.00611577362934,2.45425113993665,4.5326628014177,7.1434277774971,1.47021369777023,2.28676217951224,1.67810651893953,14.3599772444057,1.73894920703703,2.45388610463517,2.28685376259295,7.88322825416991,7.74482194779802,0.627398776776323,1.78535295283861,4.42934596943074,4.3913006871683,1.24936720714035,2.56661474801806,3.7122966216523,2.14706726693259,3.78101320804026,3.2883407355011,1.51770023750026,4.36108200207044,4.40160987750944,2.04167360365255,2.21704301117529,4.84411218676872,3.67799562126604,2.17704096875419,2.37121470524535,2.86977106330613,6.7133950471777,1.63733678313045,4.11657254781018,1.67334463254968,1.93329152802868,2.70060862645018,7.62005195654485,2.80555278845208,3.46969989044065,1.64967601781484,0.817507390111412,1.52854411382661,2.61852010866805,3.15192590111488,3.47027276248354,1.05613037250595
1.91110584363317,4.97159396190901,5.795370603829,5.66903240563017,1.50855231163091,5.03091251876025,1.62071552494203,3.25910762022435,6.85381215519105,4.01178720473824,3.39716531695831,1.26127290245294,3.71279759966787,3.75431464356059,3.78294534401588,1.20631169592249,4.22767107623701,1.94478393549948,2.02391334901039,4.69669992045542,5.46801538618747,2.32487763629826,6.00430000442965,4.79366861837727,1.21094263423547,8.12805625465803,6.40871062095206,5.12174323213362,3.79554530132831,1.49551689348046,3.24400443113368,3.16969994780661,3.35380273093186,4.3698366206065,3.21744882370337,4.72913775347503,1.21889939122465,3.54165770098668,2.12122389262419,5.16358694479409,1.25531239862557,3.99379605769573,5.32929644155974,1.67069033708144,1.44795335825258,2.1644652124265,2.17661820808406,1.89514894993219,4.7263883888815,3.84060895378253,2.74575761599552,3.86492194433527,3.16935235392012,2.43952824075838,1.17713187259228,3.3944834942002,3.22036073190088,3.92321101908617,1.34948079691905,6.32222977824164,1.9831596052833,1.22877777432969,3.04841979276991,6.59183494159671,3.35906196302296,4.82741320641724,1.98610303872215,2.62214183415293,3.95098197755313,10.1541918089573,1.44663019078724,1.66584114862734,5.83174658837572,2.94724439378098,1.61352051826786,3.05265521264809,10.0322604450697,1.78206404603081,3.58132028478043,4.52532603413399,1.27682694453786,1.04422252564187,7.35075813858547,3.63028224547352,1.393169369211,3.43302786796573,3.98342459952461,1.6098384235091,1.46364582701902,3.33558943085486,4.78000183725895,1.38520847127168,6.40446114261634,2.85975549060994,3.91864782300116,2.77147089592214,2.12415376152492,3.57125210479743,1.65324560467255,6.57378164941703
1.20767082501592,7.81859309028177,4.05714827468046,3.80006185443704,1.23032143309,3.14516698257888,4.82057984832369,2.78751942813467,2.50310651480615,7.3800076969747,0.924077289639443,2.1420937713147,7.73254841260984,1.36654055255103,2.14072253371758,1.62742886453973,2.66229754004057,6.59544767316935,3.46171918042905,2.11780447013092,5.98933721754328,5.57090681598801,4.18483950414564,2.16609314155687,2.52150104154125,3.81131901117651,1.04784409295986,1.30167453517055,1.5450328762413,1.81435355872833,6.00786777564634,2.77184304321318,0.604353690628266,3.55509167242854,3.64287762400339,3.80246769277921,9.03074427724821,5.08915895982037,2.79675432992884,3.13875937475994,5.58802915618804,1.63266731440634,2.67645992871538,2.15394108091477,1.63923737651265,1.99922001862524,2.30610166569042,2.23822152464306,0.717907015719424,7.3004752479114,2.10951814579505,1.950584360752,3.67746623160479,2.41928103309452,5.00407904408945,3.26889052271884,5.17212503530618,4.14719967766293,1.1354041995307,6.23380735158415,2.10720493066861,0.682269770255369,2.04817613374222,4.33993728712766,1.77710005550618,3.15969719783787,4.25277385609576,2.04610724942224,1.32061775849425,5.39991464615301,4.39299272210654,2.51258686296729,13.3629800843102,6.71762890336196,6.40332929689151,3.50071199794021,3.4218460555929,1.39629598678128,1.97988128823662,1.00411251869705,3.84946212253155,1.90621260838571,4.62773630368721,2.66275443398859,1.91675198376967,2.57431420983521,1.3600848210174,1.06329597264514,2.30842146178664,1.17243668626099,3.35365953898703,1.22377920539322,7.86296675338031,3.51996706414715,6.75728521950017,1.37698408934736,3.2288451543252,1.72855427061518,3.19619157461391,1.21026775066231
2.40133794749065,1.64050332842555,7.95332474103122,2.22500815907979,2.66433983602117,3.56302746326252,4.52468989969599,2.01356696212942,1.51118831216403,1.44597155524578,1.53047244529857,1.2067120996407,2.40065853222364,2.71662256286412,1.72078318924101,12.8333190200788,0.845217335516156,3.19925848044588,4.53625076407543,1.63107384814711,2.99076469187514,2.22170279250189,0.917453079222869,2.24471366482828,5.26263940486724,9.71303356544568,2.25759460724916,3.61336859621383,4.91630318917341,3.32727569173157,3.58803851576651,1.04164180701945,2.51196411444715,6.151461629556,1.27840274662547,5.35460230318502,2.1324695071631,3.74687582991338,3.07950746091439,4.31827033493021,2.79546754507793,1.98900583169855,1.97647391811824,2.04531798443451,2.09849046553388,5.48914936121602,1.61920954490611,1.96006386323391,3.08682059130476,3.25326542774931,4.96490190481127,1.35012388483477,3.09259447621076,6.7913280042424,5.65029716172937,1.47958395601193,2.93781462829333,5.77979633878929,2.82299325412036,1.41382933501412,3.89758653447822,3.24579815161706,2.06419804620832,5.43127255245776,1.93538040731052,5.74910793871496,0.888464935464594,5.87951590100879,1.93605790755897,9.67978465927081,3.57083722466272,3.65241697352909,6.52441393729801,4.06583679506439,1.44763447333659,6.21659513481773,1.61844919303742,1.96814237517252,3.12281945637983,5.27708244066771,1.23704611176862,2.62723036697709,5.88969440373815,3.02630929648257,2.93276005910344,4.48498642808329,8.25247359327262,4.563021095483,2.71778937803516,1.07297492534266,2.13843797216576,4.69854709629184,4.71684359352669,7.970718859336,6.32336996882212,2.46717693397873,10.8975765510034,4.71542087532426,1.21100089614141,3.18761963078387
2.80336037468299,4.03209386187428,5.16224323839226,1.64409036843314,6.3028816501211,2.63917464911478,4.37964579881262,5.06416467227951,6.81127863727971,1.54301767032786,3.99348622335061,1.59266923074849,1.7346485313119,6.13621560991005,3.32986194892578,8.41571918522538,6.11762420329141,2.70246840667061,6.89228799706694,2.13667136741145,3.85518364763495,5.67338802281094,7.36906410765548,1.15645004876076,1.63699521047748,1.3333997547559,3.41819989310367,1.9977870928863,4.40017364162005,2.66739481804263,1.36187043659284,11.6134500681739,5.6282928060223,1.86818030389055,4.28450830010406,2.82965970369839,1.47563188177671,10.2624438802981,5.21337839778571,4.46184700785503,3.70137675577549,3.27012241700169,8.50439135525259,1.81243066834948,2.23481993257747,4.65439950120651,3.86640138946317,2.35937996767871,3.22845630367293,5.40852767876332,3.29531338706324,4.37902601118256,4.5878055644941,2.65202925919031,3.34031634186538,3.1416178987189,3.58827091236625,4.42707026734561,8.79301994191356,1.07799862654471,3.69527662753042,3.90913920435645,6.18317049528339,6.75585953722353,1.57897810877468,6.31081188526813,1.40702581315269,4.76535572921036,5.59262908258676,2.62943320857867,5.44438644431893,3.35209087110471,2.3095046019608,7.51929137888924,2.07177713805445,3.53935716866594,2.10700978805369,2.09337741063985,1.99655449948255,4.54236537685234,2.95741894149543,4.41759968288823,7.50875444289071,1.69732914652511,3.80804715979971,2.0858158324666,3.12572546462719,5.28828104235217,3.22261411672773,3.10566709937846,4.65600511298457,5.85841668072588,1.70075576570321,2.49939282001272,2.7767833023521,3.13569900089038,1.85051716496461,1.41078015631085,1.0786214534869,2.87906340113105
8.36556723422179,1.77379147212989,1.38019127037689,5.43325188501964,2.32614742606302,2.14144908757359,4.89989857858215,1.53063845238322,3.17270225001886,6.79968879659693,3.57564500115272,1.59091713289483,3.76169973838636,2.24709454482562,2.60061871168377,2.86669194648853,2.73031837908119,1.3078246513974,6.71468838439705,1.83524752355735,3.19696146105381,5.46744576833726,4.14428767981506,0.861615651233225,3.14862030449755,2.612990566167,2.35967621627751,3.85364105788042,1.53650405062063,1.80297804063777,1.68787859853828,2.96679080515529,7.18669563466354,2.00664366846524,3.42783884360485,1.86497278396916,1.3456050425738,3.27115839079124,5.05545598005912,6.56285655336218,3.43583668509394,2.81549006666186,2.13415971032418,3.57864307996183,3.27316125300963,3.13131205741284,4.16881425112459,3.99681018825418,2.04696883111396,1.96632547974122,1.72254639417655,6.63760759882868,1.89166990208062,4.27827481572703,7.87022439747074,1.30106447380711,6.76975783136481,5.8019604330155,6.11611599802422,2.3723466032809,6.76993775174791,1.92714679735578,6.00468781976921,1.25565959285297,4.97885462254453,1.79731965484191,1.89008089723753,2.28507881532488,1.99654654319502,1.57745350182036,6.4809046367473,2.74157560555222,0.995917612257882,0.829823039168852,2.18297539311804,3.9214425558889,5.87908837304197,1.94082775057303,8.82155112335103,4.01432897616719,4.05838492455025,5.80579430102451,10.4646526623626,3.9246106534052,1.77930822511475,3.37980217874845,2.31457641540994,5.17240270954151,3.41917012811845,5.23988984183676,6.0255359471674,3.82631531981285,3.608160740943,2.40944284191119,4.64444983967175,7.04799907707421,5.88425068686067,5.07339129582294,1.97250381652533,2.8259275922891
1.64609873408854,1.33717684277532,2.18247711430679,11.7745164526458,2.41647167584017,2.42719486817148,2.77272110064276,7.65414586555759,2.10030597043186,1.31254066747017,3.11217592676883,2.05462838966946,5.98376939168685,7.9999067138646,3.12307868702605,6.91890955378695,1.26220755316614,1.5443040987963,5.38200873631502,5.21763633560486,2.89475540660428,3.05312914304154,3.9778420467771,3.87657144677141,4.10492205532132,1.86668069839978,7.05384952147045,6.38179132888002,7.18136587224584,2.60090722391236,0.796162093351959,8.36139580597801,1.81994050751135,5.53761002423399,1.31575176167081,1.46347695646754,1.60903785871997,2.59927291006454,1.6875351089322,3.45960854284316,3.36060811900899,2.16060936509022,4.32227709076795,1.66325843949685,1.63237687163322,1.50415870282011,5.0849955276306,3.19075275819114,2.54995661040409,4.07115403125198,7.277004609322,4.80156102736342,3.09994740515157,3.94763153798591,4.64433265769568,4.9240262017735,5.60531676382406,6.67268851955736,4.0581589685782,1.3627945479049,3.18912982091698,7.39453048236723,2.87632561871006,9.55914571284776,1.65943085744976,3.69603843896543,5.03039337009359,2.2336576749441,1.46114916534935,1.16479975126305,4.77154876198315,3.49761405803144,2.80567061539925,6.07696714428663,2.4628959438297,1.49448885910546,2.54762802704003,4.59762284477223,2.97587163843829,1.780997175225,4.7966290282911,5.95757791502305,1.84070799183939,4.33842373843709,2.03246447492197,1.1730687148308,4.21045114225992,1.86723821207298,2.56513660930243,4.738432230835,2.40956844189994,1.93572512919116,3.57011521962191,1.9382234778032,1.52232293279235,0.848336764921237,2.91799093678125,2.60382199128291,4.72147835973027,5.88787037854732
2.94168409021135,1.8972705129008,2.50711060544818,2.21319200278762,3.1115973561288,1.2380749476027,4.52200044995578,1.85872795287066,8.72809285776608,5.04567638355132,7.10772109205167,10.7319302713237,4.25249253642189,3.88153820506071,6.74891746377663,3.29508743216132,1.29430092209935,3.52770005180163,4.38017808229483,4.24847794952196,5.27502754442953,6.31971507050375,3.58477821115631,3.87043521281949,3.66811145898496,3.81804024866614,4.71842737368599,1.73143702164519,4.32433421259543,2.41509002644708,1.19057781188156,4.54676153872664,1.25854620774093,3.00114883113547,4.73920987324085,4.21136390357879,6.99337077784128,1.09581529731845,3.4222714491809,1.1933187601747,2.398458264334,5.08387958210081,3.86363153703656,9.57691449233829,1.68003207919951,3.43707097100061,4.3070213035875,4.66581510315604,2.731368821195,5.10159342782603,5.8811962790909,3.1530683489944,2.68337641119388,4.34071839595534,1.29164374190817,3.74666756881945,7.24760654740435,5.00552334054426,4.56915060893523,2.21872870581811,1.15767935574549,3.09741863844882,1.48136448167834,5.07861655639765,1.56230386803687,1.14523564533463,8.5774324197591,3.4149478882004,4.11008516949091,4.6420204740981,13.1968562734709,3.31472974665069,4.95094844579924,3.15303934424134,2.10872124181344,2.56927550776775,3.20354022214815,2.66130007131342,5.15326388731388,3.17527310565356,4.20092509345629,1.76490296929936,1.04548217647883,8.04647099351665,5.6856387359787,5.78119050654781,3.9913332709241,5.76393723019458,0.996062758701965,5.05897016216304,1.22126143987902,2.83542291237243,1.57201856069788,1.96488782842408,0.998213770641269,7.00406056809517,3.26369375175378,2.39640169700248,5.59667860199792,2.03427375407734
1.82652757946556,1.68287652083594,1.61576155461005,8.6617354243717,3.94152873263851,1.35731147207551,6.26902709299307,5.19340566907915,1.5847469533656,3.28439944984971,5.83545750140758,2.48350213789109,1.69350831151549,1.50578506986478,5.81535936110801,4.30466359166051,4.95291691925757,6.94486780907393,1.49146332966146,5.17351112726027,2.64633686113916,1.4248471778669,2.13979004191973,1.85780696575893,2.23262524848398,4.11028075684418,5.81848939360301,1.91598012190485,5.41424072199006,3.59846929244322,1.2545351683344,4.70161907746391,1.98866421075397,3.53632704336476,8.75986550800469,1.09345454413708,11.0377539419506,7.74968008955168,3.65984441536951,3.19598480003703,2.99838339809126,4.30245751300307,3.58285908545402,4.40136322314787,1.67499051951162,5.89980397095704,3.16605797631032,2.649638004387,3.41884360868358,4.30400067280602,8.09896643099077,4.32546511927217,2.43671945274957,1.64733678236158,2.75159162365681,1.56752648990922,1.54211849431254,7.21680667139054,5.70428821451615,2.05285837570783,0.938806654314425,3.18323665575987,3.38612932064055,6.08360667415001,2.26646278680657,1.72721034411578,2.40829524862398,2.42638336075457,5.57415057425098,8.7532564961778,5.91832971509601,2.59363923704994,2.11057935614957,1.72145643150721,2.04858684038503,0.858243136148911,3.33772545547654,4.39105261841981,4.56726535248916,1.59541082034127,7.96404069230221,0.957925960497349,1.42634285956687,3.11979884333967,3.18576507296369,3.41578714996841,5.83232074498127,5.98441574259026,5.41630177131729,0.770784302595624,2.31743246289579,2.76110345412756,8.00522524104478,3.06164149366267,5.74002260452705,2.13307719719132,2.12554135914065,5.34106076357955,1.25337724272199,2.34639098204793
3.02385213893261,2.50424430656218,0.915571016893455,5.08335579079666,2.71221813789231,1.4622190259494,1.4526920037566,3.66754130926573,3.16428461623084,3.54434240373947,1.50932753732265,1.54046332261025,2.40216665255132,2.86753833944846,2.55087486642986,2.61228644073796,3.25682221427512,1.29682589810404,10.1663581959619,1.85524185606681,5.41408279054583,8.93343139435185,2.56002270706693,4.11974640483234,7.60670910433484,2.73976063111651,3.34615739059533,2.70192870339536,4.5433721986542,1.14798671351907,2.01410179786381,4.73464024222924,7.78517688890269,3.49725443747303,5.40152420087399,1.42670024955988,1.45072381004389,2.62008699814211,1.32650173522985,2.5779248815742,4.5969086849479,1.60003317432303,1.87779411290757,3.17376596146026,1.52602334344151,1.18114572169082,3.02302004991925,3.93548932657918,3.93084384934914,5.14750512334142,1.20917170306419,2.78795029505757,2.10007427803975,1.19084729555653,2.99071421232601,1.19615667113236,1.90917987316122,1.66817955489176,2.04416976062284,3.30583704638945,2.45063262099489,4.42266675094445,6.14565801443624,4.49455207048963,5.18752498334512,2.85189605601154,5.14514544080464,3.34186870135788,2.87771759381237,6.11453695142833,4.02468076001983,2.67974860671541,1.17107992282573,1.45383905874564,1.39375689182826,1.57429814065463,5.29994761937216,2.12149621422629,4.90001735561263,1.59618026872861,3.67710518438835,3.46679401402324,3.77836986884203,3.41640966729799,3.10981495022068,2.46077010845675,1.97720602297304,4.61153182890683,4.81219430495934,0.630422826099619,5.20180636598883,4.51011755381726,11.4218272411455,5.34517816347627,1.10983982921025,1.55771891968872,4.82007192046369,2.69556085132593,1.85492645016753,3.02122199164532
3.70358020863742,1.84655017236482,3.55700029103742,1.92242460222783,3.03454364794389,1.32672774948521,2.99838800423453,5.42490765660065,0.759529561409882,1.61479948165661,1.42273988831127,1.77897945535531,6.10798959691262,1.05909306837511,4.26284777211383,3.29356064161349,2.15951996618531,1.54071696534967,4.09420622034232,4.33537319939402,3.20797305610053,4.46756392620368,1.27842138920559,3.61926918381522,3.98704080932402,2.28655979140254,5.30677847200371,1.92488989301424,5.12559122658611,2.28004667291868,4.73786433983056,4.39613844812985,3.50399845581114,4.67937845467444,3.92327819218619,12.8924311086602,2.92836275571011,4.5027653527381,1.11047269861076,5.7900184221547,1.97192800515423,2.66639382211867,5.64008198190636,5.2203524252619,2.53551110453999,7.51403944841163,7.52677214105755,1.35427462297653,7.27402710787733,5.88519757761878,7.48726767557378,3.70543965092896,2.30541026064217,2.90409513200862,4.29920195291172,2.1579304802875,1.34692295462457,3.10249080973794,2.019219245817,1.68312097716956,4.58534948493506,2.2436274674711,1.96681206160899,3.26193933231179,7.1030403413456,3.44101377619616,1.60283518358483,3.84770404675954,7.73105548357989,8.28529130576187,1.28160109516445,2.5183202330096,2.94904505374363,1.41187557278833,1.26756350821546,1.66737216863387,1.58126476098344,5.50644759569585,4.21134232253101,2.59511322181564,4.67839984954532,5.15150958496354,2.33229146853721,4.66375253254585,6.22652388904418,2.88769488292221,0.919453762337385,2.61052732224623,4.222754145368,5.36953116975137,4.7055037028617,2.18194914347638,5.35145243567036,1.13101112549009,7.17593797526548,2.18565538824949,7.15689040474751,1.04119624423324,7.08772658655966,4.10365931409388
3.51883650532524,9.2341963716103,1.27841521471892,1.65981112443414,1.42003750519906,1.69186710118023,6.54596658520332,4.49702780082654,1.53467144351024,1.17619713143667,1.61776384398195,2.34190717906451,3.71143724921919,2.09307054594634,5.87518848268987,3.60502279436455,1.23135031727889,2.71222776286095,5.06243441175967,2.57970631647315,1.734200756974,2.66946179338175,2.73328534298721,4.61404743644588,2.27161121294509,2.22315300653583,4.40814632324161,2.04608621945668,6.28981994598488,1.44860473956279,4.77045479510957,2.25862448878959,5.61377196342334,1.37792721387073,3.87031525056293,5.26672601638522,1.96102362590461,1.61470744895882,1.2447234503678,2.84939326540463,4.44417134444705,1.51266627961032,2.81043398128799,10.6816437772668,1.74541615570031,1.55673013550167,1.7273380759961,2.13278097804985,1.33084479658668,1.72383962251383,5.50638312443607,10.8974205146952,2.24221217113971,3.55293777849904,2.39510411348847,2.39578953451147,1.95999795496259,2.48279758834746,4.62237959325186,6.83098937432246,2.45792796023923,5.31423625350292,5.31888714975636,4.87388005694891,3.70172844908914,4.43643322411538,11.5181951909458,1.02138252363806,5.9040072238127,6.05025209189015,7.38255674060928,6.31235921045451,6.71273417861696,2.88999565874389,2.31742547027642,3.2442280324517,2.12163738873835,2.46900555088617,4.07878756750494,7.15259116549784,1.41361459735449,1.27691408736564,5.23626929723522,1.59073573055471,3.19642232392626,2.13543432133475,1.73439616750368,1.57492876845306,2.90042822325549,4.3432074993881,1.26624774465858,4.77021730006201,4.40752639715029,2.03550041969288,1.60280871691826,3.40066343480627,2.8406754376011,2.80725785747962,9.87508303917363,3.7891359893878
3.89117944619702,1.26654563572093,8.88541501716267,3.7841684719681,2.0754825476037,4.66921921032905,4.3022658631109,3.5337485140205,3.70003502415487,1.44286366608838,4.02401342704531,6.50801364901544,7.9100443537393,0.996232487277344,2.62495287900993,2.10668144521119,3.62234511652695,5.19945556930904,3.60517351560374,9.96346740629371,1.0615095852982,4.37853516349081,2.63118290971468,3.79194210818798,8.04722592716348,1.38581908177355,10.3826138792043,0.683188314306507,8.05695791979158,1.94915267056412,8.11637814911404,1.84778210183967,6.01324659229772,4.32945653903534,3.40668618791657,3.2822429600989,4.70414648346946,2.60108685140492,4.69551675906785,1.34984679829601,8.20973886356964,5.67777808851906,2.85998084013592,3.67035887717477,2.51043015326051,1.65924975406597,0.891736685895187,1.1149612905214,3.35963266635733,6.4877867744559,3.13904964464949,4.45295514261082,1.48606209000847,2.34905352523904,2.3560262682054,2.99810831233541,1.38613152913437,7.34292013293296,3.35892514740961,3.92343284964792,4.62021208435712,1.21506552568181,1.87093624825301,1.51529132755286,5.1200351865866,1.83986236086105,3.54372889158432,4.12153767754408,6.12326288135515,2.25690766071915,2.01528298936869,9.39427221113372,5.01737520058996,3.74078168000414,4.98094904770583,1.28068358611956,1.7615528966899,4.89392718109285,5.91508482862884,2.68191606969181,1.89813379882572,1.42276938153222,3.83623314547627,2.68612007078524,3.9437508859642,1.89720782576364,6.54189678877032,3.4804706684158,7.72889816958976,2.73923654304745,4.27346190961537,7.32884724154844,1.51962328979583,4.44018810904404,2.28671212548509,4.36003827347087,5.6017004152583,1.03842779447314,5.12242042445933,2.04662293091044
1.42710820473465,5.6275713702712,1.05628513540085,2.79864560418289,1.86712890897367,1.53316714262199,7.87101150495716,1.66439071165721,2.69813966634161,1.40518239704262,3.45415690019169,3.67450718316843,6.72382103487674,1.90300611372711,3.93214974503913,3.17129987907427,2.62369881630437,1.09644120189589,3.67313737834896,2.01298495107881,5.27679640641108,0.927738406301231,6.87285756586029,1.75481506827224,12.0399538140322,2.86060010196507,4.01145662975874,4.17017808654729,1.59777656337222,1.0850648991655,3.40461489748783,2.28561311282004,1.1835163600206,4.89940692043939,2.24430930806401,1.82842698577034,14.0837553876322,3.13999831937838,5.51284217051208,3.54583139748758,4.73922345534341,3.25779488365904,2.20219506800169,1.49240662561615,3.20503565076022,7.50503246746292,10.4484749103011,2.20702795062919,5.96026569669445,4.76360947814224,3.9752174848119,2.44640234274383,9.51653359182133,1.14976804736756,4.1641038077068,1.81087817080963,2.12248787518929,2.5136346089949,2.70843160188223,4.09437002601141,2.14615075283458,6.12337857921761,6.92140353536516,2.19948470266293,3.58398261325562,1.98665398160076,6.72530443840885,0.647398116943756,10.8324603032194,1.00209913024077,1.05806994189091,1.67783652263779,1.36284021704078,2.23588643232959,4.04826994779366,1.09080084822892,0.775945792246816,1.68243286882189,2.57312438675706,4.02872646154165,6.86285592356459,1.640983565106,1.79173836456225,2.5772064932845,3.82684909456948,6.00983174019474,1.44853893488,7.74496756264411,3.5673339985745,5.75590166564762,1.49617820626555,2.75529471247435,2.99051087668567,4.74189434423219,1.45096913988806,3.19204001451,3.79360192394103,2.35306091073853,0.749503028725072,5.24018299306206
1.85572194206538,4.11878257666682,2.33110051557945,3.37801093118987,3.87334300404001,1.53632803389113,2.13707989909469,2.32931331155224,15.0646705766774,1.19837386208666,1.76005931634837,5.38546562065602,1.70771962708991,3.04722899542681,5.868333680269,2.67100789302881,4.35829564373962,3.84677480834817,3.86101959615907,2.24538311676833,3.56020109302465,4.18160633264446,2.32511208262279,2.93197594089499,4.69375821573209,5.39297256542609,7.10921526521243,3.00026749991661,1.11328482582448,2.58200103580576,3.44210903130249,4.51650863434644,3.89839786014427,3.7179992008831,3.65787503891915,7.02139628207477,3.18601222328108,3.86639745396785,4.78040055827858,1.36750843869359,10.5976530134855,2.07605051782445,5.30682877125722,1.1249224897286,8.29578084682182,15.1947062870062,1.87510527871078,5.78505809650048,1.53098153204722,1.4310426277545,1.07765152723017,2.11476199814814,2.16763497860222,3.88006416203234,5.09302472624238,9.90200678069309,1.89720482125333,3.95169713564498,6.47805960238071,5.84862494881443,6.31507533677249,4.51471678325511,2.72922039799661,1.39359904116705,2.62525104232002,2.52186863349629,5.66245117490797,2.1616094430567,3.86569194761021,5.31913647365978,1.41677468974265,3.49386452485403,6.01516370428456,3.57680652778125,3.75885034091855,5.8558641866782,1.90014775430591,1.56077590607406,2.63873087812941,2.58736943236752,2.64928904359925,1.13270215602971,3.22044100660408,4.24076493260096,2.99537196125968,1.70361545876027,1.80960548179014,2.38584701159816,2.321968957103,2.39106600744096,3.95308502692452,1.88833957068563,2.43504824286301,6.22543833939637,1.4679375072023,2.22684609662095,3.47901322678532,3.64931233167626,1.08427717114901,2.71048575467875
6.63093064769687,5.81450169300033,0.802202864108577,1.54494664296975,3.89318264161213,2.08842314569114,2.51903357868221,4.69881883143925,3.70210750352809,2.92322848324357,7.53478370022472,4.62832423750218,3.62526435330878,3.95066087076117,8.39035831698364,1.35062340501709,1.34616464195524,2.50265466617382,2.97913145771296,7.88059407181996,5.4404038052474,1.49188242690704,4.22530561736072,2.12720017500549,1.40419277273432,1.8185748867008,2.25338341770434,1.52910160137529,0.889571414658229,3.51853037162539,5.07022727174624,4.03416536585038,2.27046100536152,4.83846313114073,5.89055894726726,2.98640444395955,2.66345574298605,1.16559490775607,5.24873743589502,2.49091967905427,4.91598673576507,2.74841318585247,2.08045254288186,1.71450983955092,1.40068474245147,3.73482678030407,2.65221716728216,3.83848328050284,2.06478177796689,5.09503764897732,1.40716410084428,6.94357892316912,4.4454030299818,11.2624132157148,3.29842166640504,1.70884860377727,3.3165549039103,2.84026597889257,1.73258311997721,3.02190537688132,2.19226926169506,1.56218681444511,5.70425077872768,1.55396394903946,6.27288195610941,4.02658329213363,3.93091432195771,1.31168859958568,6.04630040145838,5.23963675783111,1.2369404418517,5.09130269862159,4.9969703757304,6.80635361757567,1.01302506824883,6.67951546296467,7.05785895330321,6.91817727142085,0.984423933045877,1.67439970623653,4.90113017068371,2.73314740292347,3.13407901615133,4.79781609881986,2.74171203367869,2.7394443234139,3.93709360919159,1.97268796351905,3.27850829492811,3.51987056138037,0.806363895255937,3.14485658656045,6.43218714221336,5.78456065071016,3.52207222413789,1.84875784673129,5.57388084522224,2.95229783420313,3.45283131572525,2.27155918405766
