label, proj, share_FRS, share_COF, share_TUL, share_KWD, share_EXE, share_LDS, share_LND, share_PRT, share_LWT, share_TPD, share_SAU, share_TBA, share_PIX, share_DLE, share_KRT, share_SSJ, share_SFW, share_NKN, share_ARV, share_DLR, share_ID4, share_SMI, share_TJC, share_BLR, share_LHL, share_BDM, share_WRM, share_COB, share_BVA, share_CWO, share_HML, share_KND, share_RRB, share_CNS, share_ALT, share_CWC, share_MAD, share_SOC, share_SOB, share_CCA, share_OTL, share_OFK, cwg_p, ap_p, cwg_np, cog_wp_p90, n_p, cog_wp_p50, cog_p_p90, cog_p_p50
soln1, 3.0, 0.0, 0.0, 0.0, 0.0, 0.0, 0.0, 0.0, 0.0, 0.28138977639109464, 0.0, 0.0, 0.0, 0.0, 0.0, 0.0, 0.0, 0.0, 0.0, 0.3021054731639741, 0.0, 0.4165047504449312, 0.0, 0.0, 0.0, 0.0, 0.0, 0.0, 0.0, 0.0, 0.0, 0.0, 0.0, 0.0, 0.0, 0.0, 0.0, 0.0, 0.0, 0.0, 0.0, 0.0, 0.0, 65.28650631868712, 25.517769406164813, 23.58195321122005, 119.51592469521736, 3, 89.15815496855367, 99.56356987684799, 77.70177131870724
soln1006, 3.0, 0.1498923275805379, 0.0, 0.0, 0.050491303104034505, 0.0, 0.027450431979915577, 0.0, 0.014655158301070455, 0.037904964696043576, 0.0, 0.0, 0.035539806331154916, 0.013674022686541321, 0.1148866519218854, 0.0, 0.13217445012981455, 0.038828108980415305, 0.0, 0.012064416436574271, 0.0, 0.2535161752803215, 0.0, 0.0, 0.0, 0.0, 0.0, 0.021108566706816646, 0.0, 0.0, 0.0, 0.0, 0.06554962601141458, 0.0, 0.03226398985345951, 0.0, 0.0, 0.0, 0.0, 0.0, 0.0, 0.0, 0.0, 87.79643607230183, 67.04755327158631, 6.390468317280121, 1000000.0, 15, 195.45152065003734, 78.92146605180963, 58.01539692094126
soln1016, 3.0, 0.2527152738576258, 0.0, 0.0, 0.0, 0.0, 0.0, 0.0, 0.0, 0.1431786551991811, 0.0, 0.0, 0.03900802028050945, 0.0, 0.0, 0.0641399806357548, 0.0, 0.0, 0.0, 0.0, 0.0, 0.4685726809782655, 0.0, 0.0, 0.0, 0.0, 0.0, 0.0, 0.0, 0.0, 0.0, 0.0, 0.0, 0.0, 0.032385389048663435, 0.0, 0.0, 0.0, 0.0, 0.0, 0.0, 0.0, 0.0, 66.17920982320533, 18.157966315470304, 24.281644167492775, 189.93508187477286, 6, 128.30696582663577, 94.80902039568986, 76.82301855951002
soln1019, 3.0, 0.17516850968143816, 0.0, 0.0, 0.025953829934676157, 0.0, 0.04727412258374578, 0.0, 0.03157866503767589, 0.0, 0.0, 0.027688464271130628, 0.029958705959500752, 0.04187425898982866, 0.14076264794203072, 0.013580670623099922, 0.0, 0.06747421038284568, 0.0, 0.012604151955938427, 0.0, 0.2692709171502733, 0.0, 0.0, 0.0, 0.0, 0.0, 0.012106860919438304, 0.0, 0.0, 0.0, 0.0, 0.07501404019272012, 0.0, 0.029689944375657536, 0.0, 0.0, 0.0, 0.0, 0.0, 0.0, 0.0, 0.0, 90.67990070857404, 62.664135685989265, 3.0012152871777444, 1000000.0, 15, 186.30825192377512, 77.06937874782712, 56.713779238159326
soln1047, 3.0, 0.20788938137864632, 0.0, 0.055076305616236415, 0.013470383746586812, 0.0, 0.0, 0.0, 0.0, 0.04536835160959401, 0.0, 0.0, 0.03400386618427301, 0.022505172676934238, 0.0, 0.05359753793680039, 0.0, 0.08010522763496676, 0.0, 0.01242823497250151, 0.0, 0.33054494501186804, 0.0, 0.0, 0.0, 0.0, 0.0, 0.015336548897599235, 0.0, 0.0, 0.0, 0.0, 0.1296740443339933, 0.0, 0.0, 0.0, 0.0, 0.0, 0.0, 0.0, 0.0, 0.0, 0.0, 89.44124494578685, 61.09145105603836, 18.16749167613806, 1000000.0, 12, 190.54767581793658, 78.6932552243305, 57.405348696255054
soln106, 3.0, 0.1521673680746089, 0.0, 0.0, 0.059906299713675955, 0.06292115994388738, 0.016780189387658594, 0.0, 0.020162076080678364, 0.08357666787060698, 0.03587859005064398, 0.03307746679604433, 0.03776147922017397, 0.03594989136985197, 0.0, 0.0755652048894337, 0.017762878529436175, 0.014005282308973832, 0.0, 0.016621890440096126, 0.0, 0.16370866381160826, 0.0, 0.0, 0.0, 0.0, 0.0, 0.0, 0.0, 0.0, 0.0, 0.0, 0.030751073402119904, 0.0510180141864578, 0.09238580392404389, 0.0, 0.0, 0.0, 0.0, 0.0, 0.0, 0.0, 0.0, 88.971874801189, 60.35934267804517, -6.602666256096628, 401.638981489535, 18, 222.98834463911885, 76.42638706735127, 57.78714177886211
soln1061, 3.0, 0.19527803554857592, 0.0, 0.0, 0.0122089581067633, 0.0, 0.021761010778785072, 0.0, 0.014541492233984037, 0.03972383299811466, 0.0, 0.0, 0.03508395863163597, 0.01942406772117085, 0.09497738848555341, 0.07136693638123391, 0.16158226014368918, 0.029539623687293463, 0.0, 0.026058878116169016, 0.0, 0.20259203117323737, 0.0, 0.0, 0.0, 0.0, 0.0, 0.0, 0.0, 0.0, 0.0, 0.0, 0.05140078017073058, 0.0, 0.024460745823063325, 0.0, 0.0, 0.0, 0.0, 0.0, 0.0, 0.0, 0.0, 84.26089962839994, 66.5290021152916, 2.4677984372251527, 279.35804067926904, 15, 174.5051389641357, 79.30801622234397, 61.625292915720934
soln1082, 3.0, 0.1776228496096718, 0.0, 0.14125098429016975, 0.014759583220130372, 0.0, 0.0, 0.0, 0.0, 0.0, 0.0, 0.0, 0.051350508607481866, 0.023172016095981206, 0.0, 0.0, 0.0, 0.0, 0.0, 0.02469392440519929, 0.0, 0.31735291234768587, 0.0, 0.0, 0.0, 0.0, 0.0, 0.028510700722503522, 0.029614881875312065, 0.0, 0.0, 0.0, 0.11215053176338094, 0.023691050310795582, 0.055830056751687854, 0.0, 0.0, 0.0, 0.0, 0.0, 0.0, 0.0, 0.0, 114.66400509429177, 52.89877979669109, -21.194164046793187, 1000000.0, 12, 185.86014623502587, 56.200703442577904, 44.34228956884573
soln1083, 3.0, 0.18285247824481285, 0.0, 0.036635644177203996, 0.022659919481100424, 0.0, 0.08167102724014709, 0.0, 0.038018262393824796, 0.05380280151675137, 0.0, 0.027585720378875755, 0.05189288333602076, 0.0, 0.0, 0.027355554919819197, 0.0, 0.06635689690147878, 0.0, 0.022222995219840523, 0.0, 0.3051099982835118, 0.0, 0.0, 0.0, 0.0, 0.0, 0.0, 0.0, 0.0, 0.0, 0.0, 0.06633901681638257, 0.0, 0.017496801090230062, 0.0, 0.0, 0.0, 0.0, 0.0, 0.0, 0.0, 0.0, 77.19926056355673, 43.77375639859792, 18.249506019589518, 270.1052178272929, 14, 187.51020479217155, 88.21739732823559, 64.02004449144054
soln112, 3.0, 0.15951321791901987, 0.0, 0.0, 0.037812428294523824, 0.05856037040224687, 0.03094227522543763, 0.0, 0.0, 0.07500578434154394, 0.014701249337934407, 0.036486620486676696, 0.03962812871401433, 0.01814263316001333, 0.07008673877626168, 0.13464334364801056, 0.015038010588897865, 0.01786814639358081, 0.0, 0.019879612243930114, 0.0, 0.1426746763363506, 0.0, 0.0, 0.0, 0.0, 0.0, 0.010508899103678554, 0.0, 0.0, 0.0, 0.0, 0.04904961951088343, 0.0, 0.06945824551699559, 0.0, 0.0, 0.0, 0.0, 0.0, 0.0, 0.0, 0.0, 84.06040763619039, 67.40652477637667, 1.0251685950883334, 846.3532896045917, 18, 207.52582168956104, 88.75787115877162, 61.84678251324967
soln1122, 3.0, 0.19564737732540027, 0.0, 0.0, 0.02711637456994401, 0.0, 0.0, 0.0, 0.01893330625493736, 0.02169874481308162, 0.06120451819100251, 0.04020384524696702, 0.06148539917973113, 0.02845641095367012, 0.0, 0.0, 0.0, 0.07883565192098844, 0.0, 0.020207941428052646, 0.0, 0.3192897428527664, 0.0, 0.0, 0.0, 0.0, 0.0, 0.014823700710291569, 0.0, 0.0, 0.0, 0.0, 0.05232991812801082, 0.0, 0.02173110120148908, 0.03803596722366698, 0.0, 0.0, 0.0, 0.0, 0.0, 0.0, 0.0, 90.21846231493545, 59.99960856920496, 9.319941642997367, 1000000.0, 15, 245.43211989477157, 82.67172513400867, 56.67868840638204
soln1126, 3.0, 0.26418879100621045, 0.0, 0.07942521419181311, 0.0, 0.0, 0.0, 0.0, 0.0, 0.07899739721059552, 0.0, 0.0, 0.0490077101497454, 0.02350537934994485, 0.0, 0.0, 0.0, 0.020503577418818662, 0.0, 0.030134181537950108, 0.0, 0.4392943758594116, 0.0, 0.0, 0.0, 0.0, 0.0, 0.0, 0.0, 0.0, 0.0, 0.0, 0.0, 0.0, 0.01494337327551036, 0.0, 0.0, 0.0, 0.0, 0.0, 0.0, 0.0, 0.0, 85.85467227945614, 48.264027118091775, 18.417017484456316, 229.72896874401704, 9, 145.748353616489, 77.3278385746168, 58.81832088918854
soln1140, 3.0, 0.27106858083775476, 0.0, 0.08668703117437129, 0.0, 0.0, 0.0, 0.0, 0.0, 0.07509408356241475, 0.0, 0.0, 0.05522965652841498, 0.029647727983288446, 0.0, 0.0, 0.0, 0.02525214394727152, 0.0, 0.025579149461436742, 0.0, 0.4314416265050476, 0.0, 0.0, 0.0, 0.0, 0.0, 0.0, 0.0, 0.0, 0.0, 0.0, 0.0, 0.0, 0.0, 0.0, 0.0, 0.0, 0.0, 0.0, 0.0, 0.0, 0.0, 83.16271853405699, 48.354817793822725, 18.307493200639712, 218.16366625337258, 8, 146.7411705577145, 81.61886374115284, 60.72494235263229
soln1141, 3.0, 0.24754327849311844, 0.0, 0.0, 0.0413255034719816, 0.0, 0.0, 0.0, 0.0, 0.0671418696031823, 0.0, 0.0, 0.0712241333906222, 0.0, 0.0, 0.01024312533784252, 0.0, 0.0, 0.0, 0.025619724459105465, 0.0, 0.43211920816643334, 0.0, 0.0, 0.0, 0.0, 0.0, 0.0, 0.0, 0.0, 0.0, 0.0, 0.08563441627742588, 0.0, 0.019148740800288295, 0.0, 0.0, 0.0, 0.0, 0.0, 0.0, 0.0, 0.0, 80.32846200415653, 33.94157406471011, 20.720633017756963, 208.76004907969846, 9, 140.53518262323763, 81.43218385217772, 61.891875880583015
soln1147, 3.0, 0.10224741997555697, 0.0, 0.0, 0.01741992889020708, 0.0, 0.08636360572383536, 0.0, 0.0, 0.060211027151247536, 0.0, 0.0, 0.0, 0.020144749962018434, 0.0932342511305026, 0.0, 0.119089458649868, 0.01576066582078818, 0.0, 0.026281430720322397, 0.0, 0.25862311239381364, 0.0, 0.0, 0.0, 0.0, 0.0, 0.014767441317828211, 0.05482334811287345, 0.0, 0.0, 0.0, 0.0859589010908099, 0.0, 0.03303696475154869, 0.012037694308779524, 0.0, 0.0, 0.0, 0.0, 0.0, 0.0, 0.0, 93.80314843520098, 66.06838901359914, -2.429927772273694, 1000000.0, 15, 221.10448699013995, 72.80172984242425, 53.83240995884411
soln1148, 3.0, 0.19455574985659468, 0.0, 0.0, 0.023450248105100775, 0.0, 0.03884021307522235, 0.0, 0.0395377476178012, 0.057605771854690055, 0.0, 0.0295662059133108, 0.055839310874855906, 0.0, 0.0, 0.029289141294601834, 0.0, 0.07510678822238682, 0.0, 0.023793794309454726, 0.0, 0.3266320359098022, 0.0, 0.0, 0.0, 0.0, 0.0, 0.0, 0.0, 0.0, 0.0, 0.0, 0.06489612165225188, 0.0, 0.04088687131392675, 0.0, 0.0, 0.0, 0.0, 0.0, 0.0, 0.0, 0.0, 78.37433738382836, 41.86572137845698, 19.79248478791584, 250.59460364197653, 13, 156.27169539611563, 86.27018890006903, 63.49343204782922
soln1154, 3.0, 0.23947965614383893, 0.0, 0.0, 0.021307739341498218, 0.0, 0.0, 0.0, 0.0, 0.0, 0.0, 0.0, 0.04096362539302508, 0.018816868640405115, 0.0, 0.0, 0.0, 0.09460273754101438, 0.0, 0.012545787472015972, 0.0, 0.37489618015472076, 0.0, 0.0, 0.0, 0.0, 0.0, 0.018317808356017283, 0.0, 0.0, 0.0, 0.0, 0.10898002389366915, 0.01080531976512346, 0.05928425329867168, 0.0, 0.0, 0.0, 0.0, 0.0, 0.0, 0.0, 0.0, 112.33253235092705, 54.347800628826576, -11.282919289943539, 1000000.0, 11, 181.56879691166296, 58.22219854985938, 45.590664955939815
soln1177, 3.0, 0.16364149405827133, 0.0, 0.0, 0.02989225696036817, 0.0, 0.03055803630437006, 0.0, 0.04246994079534914, 0.0, 0.0, 0.018448438162690376, 0.0406840889943255, 0.04024243907989697, 0.1372812870316413, 0.0, 0.0, 0.04761514793117042, 0.0, 0.02280258335028671, 0.0, 0.28263985389059954, 0.0, 0.0, 0.0, 0.0, 0.0, 0.014104924755727655, 0.0, 0.0, 0.0, 0.0, 0.10698818320684388, 0.0, 0.02263132547845886, 0.0, 0.0, 0.0, 0.0, 0.0, 0.0, 0.0, 0.0, 92.21283870378453, 61.05329624282497, 5.313133207973248, 500154.7260075517, 14, 176.3445162161903, 74.80824954126157, 55.36386664937834
soln1183, 3.0, 0.17311593806288786, 0.0, 0.0, 0.013422905465281678, 0.0, 0.0, 0.0, 0.03003441975621441, 0.04885428395899148, 0.0, 0.0, 0.04876726599393273, 0.03573025291786919, 0.10234850110786477, 0.0, 0.0, 0.0, 0.0, 0.019669442427007917, 0.0, 0.3031791998160016, 0.0, 0.0, 0.0, 0.0, 0.0, 0.014580275148960615, 0.024601485393588716, 0.0, 0.0, 0.0, 0.10652321104285652, 0.0, 0.012843913139466739, 0.06632890576907585, 0.0, 0.0, 0.0, 0.0, 0.0, 0.0, 0.0, 96.53153387483988, 60.185409666227585, 0.7588647232551092, 1000000.0, 14, 281.13573245094074, 73.30314706377548, 52.60543585086312
soln119, 3.0, 0.12871865858778705, 0.0, 0.0, 0.024828202288961432, 0.0, 0.029936908580166573, 0.0, 0.055895085872432755, 0.05328130066755376, 0.04628930270417402, 0.0, 0.07726305563805753, 0.023949894485118473, 0.0, 0.06478354859329064, 0.02791836302051494, 0.012448871962665637, 0.0, 0.011472685071509173, 0.0, 0.1528879002607505, 0.0, 0.0, 0.07509393864987825, 0.0, 0.0, 0.0, 0.0, 0.0, 0.0, 0.0, 0.08442752911366733, 0.011370363897290986, 0.07308014152795228, 0.04635424907822868, 0.0, 0.0, 0.0, 0.0, 0.0, 0.0, 0.0, 91.34525186049643, 60.20015684944678, -6.804402132724411, 551.2268319110186, 18, 304.6773598006351, 71.27342729088005, 55.95938488245743
soln1192, 3.0, 0.25216810086258606, 0.0, 0.0, 0.021280657661571133, 0.0, 0.0, 0.0, 0.01310125905853312, 0.08162419240289871, 0.0, 0.0, 0.0, 0.05959971798743699, 0.0, 0.0, 0.0, 0.0, 0.0, 0.037829934013197355, 0.0, 0.4174561639396258, 0.0, 0.0, 0.0, 0.0, 0.0, 0.0, 0.0, 0.0, 0.0, 0.0, 0.08016672527563451, 0.0, 0.03677324879851616, 0.0, 0.0, 0.0, 0.0, 0.0, 0.0, 0.0, 0.0, 90.8025754625023, 51.577354993518306, 14.020941964414028, 213.3476545058787, 9, 148.6783625300984, 72.80437805406, 56.15913103301914
soln12, 3.0, 0.0, 0.0, 0.0, 0.0, 0.0, 0.0, 0.0, 0.0, 0.22299428166997756, 0.0, 0.0, 0.0, 0.0, 0.0, 0.0, 0.0, 0.0, 0.0, 0.22479937588971904, 0.0, 0.32170633037631596, 0.0, 0.0, 0.0, 0.0, 0.0, 0.0, 0.0, 0.0, 0.0, 0.0, 0.0, 0.2305000120639874, 0.0, 0.0, 0.0, 0.0, 0.0, 0.0, 0.0, 0.0, 0.0, 78.05221846127489, 23.161248657285412, 6.747198270936219, 99.91988214163541, 4, 81.85442035699235, 84.26999179867744, 65.58644913407483
soln1255, 3.0, 0.18939015866407302, 0.0, 0.0, 0.011740920827882084, 0.0, 0.0, 0.0, 0.011427287353057546, 0.04881894594337502, 0.0, 0.0, 0.024964535291692916, 0.06650063622790607, 0.0, 0.05296752411531234, 0.0, 0.10431587233532173, 0.0, 0.022926262357503557, 0.0, 0.32875681205014273, 0.0, 0.0, 0.0, 0.0, 0.0, 0.012761780555827447, 0.0, 0.0, 0.0, 0.0, 0.10401257842560131, 0.0, 0.02141668585230414, 0.0, 0.0, 0.0, 0.0, 0.0, 0.0, 0.0, 0.0, 90.64766542769262, 61.462970648427415, 14.156811253605301, 1000000.0, 13, 174.8796945918081, 80.96627797462088, 56.150745088591066
soln1272, 3.0, 0.24672317688864998, 0.0, 0.0, 0.016215920017639333, 0.0, 0.0, 0.0, 0.0, 0.09754036584214974, 0.0, 0.0, 0.05005160026041497, 0.049618445103454936, 0.0, 0.0, 0.0, 0.0, 0.0, 0.0, 0.0, 0.42447030908403777, 0.0, 0.0, 0.0, 0.0, 0.0, 0.01860349211775036, 0.0, 0.0, 0.0, 0.0, 0.06745739227548668, 0.0, 0.029319298410416254, 0.0, 0.0, 0.0, 0.0, 0.0, 0.0, 0.0, 0.0, 96.07401466366673, 50.70850974379467, 6.131072540003158, 500292.62508468295, 9, 135.3632089691182, 75.25645261000719, 52.5209343182095
soln1274, 3.0, 0.25319145340111837, 0.0, 0.0, 0.01373309798391413, 0.0, 0.0, 0.0, 0.0, 0.12381283393954731, 0.0, 0.0, 0.0, 0.05445221671503811, 0.0, 0.0, 0.0, 0.0, 0.0, 0.026266624658557714, 0.0, 0.4178659851761069, 0.0, 0.0, 0.0, 0.0, 0.0, 0.0, 0.0, 0.0, 0.0, 0.0, 0.07459140685705816, 0.0, 0.03608638126865933, 0.0, 0.0, 0.0, 0.0, 0.0, 0.0, 0.0, 0.0, 91.03408355008433, 51.0106335806781, 15.319590621908853, 203.51096470927936, 8, 144.4901684380004, 73.12271863866926, 56.115384590318925
soln1276, 3.0, 0.20809684617514043, 0.0, 0.0, 0.015844830776901415, 0.0, 0.0, 0.0, 0.012460215862877978, 0.06096589231938652, 0.0, 0.0, 0.02550046570955324, 0.03790715173872547, 0.0, 0.04241436373674946, 0.0, 0.0980490669749985, 0.0, 0.04385202212770383, 0.0, 0.3559634528883933, 0.0, 0.0, 0.0, 0.0, 0.0, 0.0, 0.0, 0.0, 0.0, 0.0, 0.09894569168956978, 0.0, 0.0, 0.0, 0.0, 0.0, 0.0, 0.0, 0.0, 0.0, 0.0, 87.75633398721104, 56.96756474661564, 18.0015730049003, 245.12892803571404, 11, 156.90111178446213, 76.98438131566886, 58.07878432101963
soln130, 3.0, 0.11073556526006227, 0.0, 0.06269220334527097, 0.012633964774189023, 0.04589777586476989, 0.1199761510951174, 0.0804947486450946, 0.022601606168890374, 0.04329273023508418, 0.023206600404334317, 0.03206345904002475, 0.01103814885847953, 0.01915152060241958, 0.0, 0.05635934557339913, 0.061098487675018395, 0.013248966061515943, 0.0, 0.011497608438143818, 0.0, 0.12121010707298427, 0.0, 0.0, 0.0, 0.0, 0.0, 0.011312416206383461, 0.0, 0.0, 0.0, 0.0, 0.028204072697154983, 0.0, 0.06091008330314745, 0.05237443867851567, 0.0, 0.0, 0.0, 0.0, 0.0, 0.0, 0.0, 81.15649123150786, 67.36754043184781, 0.2608906662232664, 1000000.0, 21, 338.251975558431, 91.55324337451869, 63.86149235555412
soln14, 3.0, 0.0, 0.0, 0.0, 0.21356341847095006, 0.0, 0.0, 0.0, 0.0, 0.0, 0.0, 0.0, 0.0, 0.27873975133473167, 0.0, 0.0, 0.0, 0.0, 0.0, 0.0, 0.0, 0.28362172346338177, 0.0, 0.0, 0.0, 0.0, 0.0, 0.0, 0.0, 0.0, 0.0, 0.0, 0.0, 0.2240751067309365, 0.0, 0.0, 0.0, 0.0, 0.0, 0.0, 0.0, 0.0, 0.0, 95.33160186576691, 39.572513900208236, -17.70031482459652, 98.5272067233337, 4, 75.16276817420783, 72.75114242626739, 53.28433702790379
soln142, 3.0, 0.09790386671446742, 0.0, 0.05686786328764938, 0.013962407055461494, 0.05409166661454234, 0.09915210724399795, 0.0, 0.016893001480221232, 0.038427921434259646, 0.013066965937134547, 0.02187817238273041, 0.021570364498305523, 0.02164827665443446, 0.0, 0.04041797347848258, 0.027506722118174745, 0.028406662389179563, 0.0, 0.01139339087639873, 0.0, 0.09457723711862412, 0.0, 0.06869679409035198, 0.05058529038244664, 0.0, 0.0, 0.0, 0.0, 0.0, 0.0, 0.0, 0.10635130020574297, 0.0, 0.07181163430404199, 0.04479038173335234, 0.0, 0.0, 0.0, 0.0, 0.0, 0.0, 0.0, 77.96713240849844, 61.99342637367247, 1.3451637677816077, 501111.9272118112, 21, 350.5076814926491, 90.89962750245213, 67.756797983308
soln153, 3.0, 0.10546774197470137, 0.0, 0.05252502763698955, 0.017433001774032026, 0.03452728722583826, 0.09134811316296663, 0.10534141051244798, 0.042774458801830124, 0.04322090044626192, 0.05264808188139368, 0.024052347529289607, 0.02717236463848111, 0.026865891911223766, 0.0, 0.046006852768239494, 0.017654795420732932, 0.016435247513992397, 0.0, 0.014570933424587994, 0.0, 0.10482974166114563, 0.0, 0.07450818210294417, 0.0, 0.0, 0.0, 0.0, 0.04595737735038628, 0.0, 0.0, 0.0, 0.025464194122087783, 0.0, 0.01799911472831388, 0.013196933412113422, 0.0, 0.0, 0.0, 0.0, 0.0, 0.0, 0.0, 83.72259877136834, 62.87298440576158, -8.745234127586626, 2707.408454854343, 22, 335.1307658286807, 80.96690624890088, 59.747611976977225
soln154, 3.0, 0.0, 0.0, 0.0, 0.05905540128828484, 0.0, 0.0, 0.0, 0.0, 0.20909821636234102, 0.0, 0.011095693134310178, 0.046378884266995955, 0.0, 0.0, 0.0, 0.027526076243907845, 0.07074016263952962, 0.0, 0.03658523139828099, 0.0, 0.5220771952372627, 0.0, 0.0, 0.0, 0.0, 0.0, 0.0, 0.0, 0.0, 0.0, 0.0, 0.017443139429086842, 0.0, 0.0, 0.0, 0.0, 0.0, 0.0, 0.0, 0.0, 0.0, 0.0, 80.40672688111047, 36.38594034091749, 14.69205823594465, 135.796839926474, 9, 98.73653235269018, 82.55626992819369, 63.49314284010947
soln157, 3.0, 0.22263752802222095, 0.0, 0.0, 0.03149933515478982, 0.0, 0.05300910165229906, 0.0, 0.0, 0.07469214143060245, 0.022649001916781066, 0.020821915255096125, 0.0, 0.06509658747737983, 0.0, 0.06395036288375662, 0.043561194007248935, 0.030222937188872534, 0.0, 0.022203733267479778, 0.0, 0.2904019415926348, 0.0, 0.0, 0.0, 0.0, 0.0, 0.0, 0.0, 0.0, 0.0, 0.0, 0.059254220150838026, 0.0, 0.0, 0.0, 0.0, 0.0, 0.0, 0.0, 0.0, 0.0, 0.0, 85.52698418836918, 60.08424211620671, 13.780897353940851, 236.05924091285024, 13, 174.7699012798633, 79.92711645261201, 59.28601071537558
soln165, 3.0, 0.09713170624942678, 0.0, 0.04315603831894954, 0.041970473526864914, 0.03189409772356371, 0.08412807487917014, 0.09689005626881135, 0.054515631988693664, 0.03913055076918104, 0.048486844680205164, 0.02046323580812641, 0.01563899868504245, 0.0, 0.0, 0.035700133598752376, 0.01776390232200123, 0.01184737223657864, 0.0, 0.012723231715070333, 0.0, 0.08527732402146848, 0.0, 0.06861915047861689, 0.07668161417513723, 0.0, 0.0, 0.0, 0.0, 0.0, 0.0, 0.0, 0.023529036065821483, 0.03891694075408425, 0.03383820199952215, 0.021697383734911722, 0.0, 0.0, 0.0, 0.0, 0.0, 0.0, 0.0, 72.67512479842853, 47.71183071429788, -5.330162748082377, 5833.621599082671, 22, 394.7080984584852, 101.2081009496467, 69.29893479096239
soln18, 3.0, 0.0, 0.0, 0.0, 0.0, 0.0, 0.0, 0.0, 0.0, 0.0, 0.0, 0.0, 0.0, 0.27187395579414425, 0.0, 0.0, 0.0, 0.0, 0.0, 0.19155679110405086, 0.0, 0.2688170688285722, 0.0, 0.0, 0.0, 0.0, 0.0, 0.0, 0.0, 0.0, 0.0, 0.0, 0.0, 0.2677521842732327, 0.0, 0.0, 0.0, 0.0, 0.0, 0.0, 0.0, 0.0, 0.0, 88.18941363584307, 40.949086616698914, -9.487892380226814, 99.42189202411458, 4, 75.67814409562952, 75.57328898735263, 58.511687342928546
soln196, 3.0, 0.10920900797564508, 0.0, 0.054860137150890845, 0.04122340935620664, 0.035807822166557084, 0.06734687189945468, 0.09548054815202703, 0.013768133652141403, 0.05182585644233381, 0.04348613273657465, 0.012826592600085725, 0.03392517844729129, 0.04161576379298459, 0.0, 0.04608783719877344, 0.016043131808185146, 0.01439622953962029, 0.0, 0.014313922784866033, 0.0, 0.08361905978944595, 0.0, 0.046728755842985005, 0.0, 0.0, 0.0, 0.010845312290568489, 0.030621948635981992, 0.0, 0.0, 0.0, 0.026022962817402955, 0.04467886830513733, 0.049914388919472315, 0.015352127695368124, 0.0, 0.0, 0.0, 0.0, 0.0, 0.0, 0.0, 88.65297412346656, 64.33010808538928, -17.701468684831465, 1000000.0, 24, 343.8664689146294, 83.82634181388678, 57.45966333842073
soln2, 2.0, 0.0, 0.0, 0.0, 0.0, 0.0, 0.0, 0.0, 0.0, 0.0, 0.0, 0.0, 0.0, 0.3292174497328997, 0.0, 0.0, 0.0, 0.0, 0.0, 0.0, 0.0, 0.3448842858474652, 0.0, 0.0, 0.0, 0.0, 0.0, 0.0, 0.0, 0.0, 0.0, 0.0, 0.0, 0.32589826441963504, 0.0, 0.0, 0.0, 0.0, 0.0, 0.0, 0.0, 0.0, 0.0, 48.817379743080494, 19.822239002246, -12.647172025517703, 78.0949152667899, 3, 62.339246655934176, 64.527984286737, 51.81515276285357
soln225, 3.0, 0.21651270837569783, 0.0, 0.0, 0.026719497147410957, 0.0, 0.0, 0.0, 0.0, 0.07434327677760566, 0.027631297988003106, 0.035416264229316215, 0.011375939461465508, 0.031206274702180205, 0.0, 0.05892337213132356, 0.0294124846912226, 0.020418570392260988, 0.0, 0.01725732149171781, 0.0, 0.2422229714188489, 0.0, 0.0, 0.0, 0.0, 0.0, 0.023929318711234226, 0.0, 0.0, 0.0, 0.0, 0.12033250434268782, 0.06429819813902467, 0.0, 0.0, 0.0, 0.0, 0.0, 0.0, 0.0, 0.0, 0.0, 97.1662557025844, 60.676069370351456, -4.583093234265098, 1000000.0, 15, 201.182738442732, 69.79229712751399, 52.32353726475266
soln228, 3.0, 0.0, 0.0, 0.0, 0.05438374158023601, 0.0, 0.0, 0.0, 0.0, 0.09822515053119385, 0.0, 0.0, 0.0315412502758425, 0.03939808539033027, 0.0, 0.0, 0.06741107363155847, 0.043443775416916235, 0.0, 0.04573163939766506, 0.0, 0.4144325000262707, 0.0, 0.0, 0.0, 0.0, 0.0, 0.0, 0.0, 0.0, 0.0, 0.0, 0.08231854817523616, 0.12311423557475068, 0.0, 0.0, 0.0, 0.0, 0.0, 0.0, 0.0, 0.0, 0.0, 105.72476253220718, 52.070273608403525, -5.811980790809935, 150.38113770040954, 10, 96.27621654149112, 60.893023422406635, 47.898562315174374
soln246, 3.0, 0.15913613686431718, 0.0, 0.0, 0.02291073998978471, 0.05879861938739185, 0.03017721989196552, 0.0, 0.0, 0.07013512049404882, 0.03757969735898508, 0.04262357669468135, 0.017034572066843116, 0.024526613939234474, 0.09421576973280296, 0.0, 0.01295794703524277, 0.03458548086695869, 0.0, 0.016474897718068177, 0.0, 0.20457170569631683, 0.0, 0.0, 0.0, 0.0, 0.0, 0.0, 0.0, 0.0, 0.0, 0.0, 0.09904275462138919, 0.010309812358443356, 0.06491933528352604, 0.0, 0.0, 0.0, 0.0, 0.0, 0.0, 0.0, 0.0, 92.71133221731236, 62.27432762427289, -6.3288359446087235, 314.5632781005397, 17, 204.8308470286588, 69.33201644690271, 56.27381452954735
soln247, 3.0, 0.12115370317396909, 0.0, 0.07876967899902841, 0.07116561170135681, 0.029841005407353547, 0.03531086297128469, 0.0, 0.020456077696525354, 0.0, 0.038189828227368446, 0.026937214967191692, 0.06006711620832488, 0.05390605999125448, 0.0, 0.047216744019587954, 0.048670970538681295, 0.018900786214839916, 0.0, 0.017918616241719167, 0.0, 0.12575568742446905, 0.0, 0.0, 0.0, 0.0, 0.0, 0.01213119794744874, 0.03358721389605431, 0.0, 0.0, 0.0, 0.043257946264187844, 0.040777444114982186, 0.0486946615772939, 0.027291572417078212, 0.0, 0.0, 0.0, 0.0, 0.0, 0.0, 0.0, 96.32824602919466, 61.180556221552855, -23.772579703735175, 1000000.0, 21, 284.69483045652487, 70.61354289846801, 52.37812744533254
soln248, 3.0, 0.19514347262303544, 0.0, 0.0, 0.02407623916712296, 0.0620551665061715, 0.03744928240209377, 0.0, 0.0, 0.05494503814426392, 0.020192904330398845, 0.04514147416894341, 0.018215199215295533, 0.04889463647683246, 0.0, 0.09001386686888546, 0.02624942148576216, 0.03681654781143068, 0.0, 0.017532011849194687, 0.0, 0.21839630502219157, 0.0, 0.0, 0.0, 0.0, 0.0, 0.0, 0.0, 0.0, 0.0, 0.0, 0.10487843392837759, 0.0, 0.0, 0.0, 0.0, 0.0, 0.0, 0.0, 0.0, 0.0, 0.0, 81.85533152142116, 61.39560226337918, 12.014670090259582, 285.5407622845213, 15, 204.08209305053794, 82.72314518149554, 63.22254256212465
soln307, 3.0, 0.29383192653120327, 0.0, 0.0, 0.02790777201035664, 0.0, 0.04197657808355116, 0.0, 0.0, 0.09169915132780501, 0.015132368495244576, 0.012793943756558979, 0.024447221229812473, 0.0, 0.0, 0.06472251144344904, 0.028377752416558613, 0.022915149849294325, 0.0, 0.02301873976975963, 0.0, 0.29399172575510285, 0.0, 0.0, 0.0, 0.0, 0.0, 0.0, 0.0, 0.0, 0.0, 0.0, 0.05918515933130353, 0.0, 0.0, 0.0, 0.0, 0.0, 0.0, 0.0, 0.0, 0.0, 0.0, 77.46558084149794, 43.8994959836167, 16.56711158941881, 221.77068114911896, 13, 159.0657567764327, 86.98202554050232, 65.46168687832382
soln330, 3.0, 0.2508086735395729, 0.0, 0.0, 0.05622426426756908, 0.0, 0.0, 0.0, 0.0, 0.12960491925055714, 0.0, 0.0, 0.02437909986676047, 0.0, 0.0, 0.05962108617073263, 0.017172112193709576, 0.04413477499289258, 0.0, 0.038265095566936164, 0.0, 0.319111291034696, 0.0, 0.0, 0.0, 0.0, 0.0, 0.0, 0.0, 0.0, 0.0, 0.0, 0.06067868311657345, 0.0, 0.0, 0.0, 0.0, 0.0, 0.0, 0.0, 0.0, 0.0, 0.0, 78.3080197942109, 42.43384162206131, 20.346152362802247, 224.6130795574481, 10, 139.74954704455723, 87.02919992726173, 65.14845108578334
soln332, 3.0, 0.1528250977683041, 0.0, 0.0, 0.014237637636474416, 0.07341874206217942, 0.035795651371621336, 0.0, 0.0, 0.04929037211360859, 0.03802119637269023, 0.02081389470976253, 0.019620379083964235, 0.017417273859643603, 0.0, 0.08259420649042494, 0.02379237436279549, 0.010019360318099864, 0.0, 0.015928034033127123, 0.0, 0.18810082752687415, 0.0, 0.0, 0.0, 0.0, 0.0, 0.018658874721331032, 0.0, 0.0, 0.0, 0.0, 0.09539048918112246, 0.06324651076498201, 0.08082907762299452, 0.0, 0.0, 0.0, 0.0, 0.0, 0.0, 0.0, 0.0, 93.76774040268492, 62.62488847137443, -5.486825901009774, 1000000.0, 18, 217.2602271858417, 75.49366376352229, 54.49279129481238
soln339, 3.0, 0.2230217198987218, 0.0, 0.0, 0.02963270509997721, 0.0, 0.033027336495136166, 0.0, 0.0, 0.0747704911561037, 0.0249263382483038, 0.027897033252762982, 0.020031106613048803, 0.021484827114702378, 0.0, 0.08379697170347959, 0.020253392836955406, 0.01772345709584282, 0.0, 0.01704381304091143, 0.0, 0.2230672538073525, 0.0, 0.0, 0.0, 0.0, 0.0, 0.0, 0.0, 0.0, 0.0, 0.0, 0.10310155452315455, 0.0, 0.08022199911354674, 0.0, 0.0, 0.0, 0.0, 0.0, 0.0, 0.0, 0.0, 84.23373117612694, 59.07285266753296, 7.906941675109379, 252.94754631093048, 15, 183.13106235426466, 81.63320640689369, 61.13728258870414
soln355, 3.0, 0.2612087383042787, 0.0, 0.0, 0.02826774969708971, 0.0, 0.04096579142798905, 0.0, 0.0, 0.08286192657554992, 0.02019181630642175, 0.0, 0.020834781900624273, 0.05918508869726235, 0.0, 0.0, 0.012751710322849628, 0.021417998224970803, 0.0, 0.031238293042673403, 0.0, 0.2635371091875606, 0.0, 0.0, 0.0, 0.0, 0.0, 0.0, 0.0, 0.0, 0.0, 0.0, 0.09452281615757734, 0.06301618015515245, 0.0, 0.0, 0.0, 0.0, 0.0, 0.0, 0.0, 0.0, 0.0, 97.48125553965826, 56.34582528539618, -2.2264630316967167, 231.19678939131262, 13, 168.44974041292625, 67.79600636960589, 52.068356485499805
soln356, 3.0, 0.0, 0.0, 0.0, 0.06202902868421298, 0.0, 0.0, 0.0, 0.0, 0.12551787060915548, 0.012342931977792468, 0.0, 0.02822088364630563, 0.1347084252699134, 0.0, 0.07686301527155817, 0.04303035381230352, 0.013430654216048638, 0.0, 0.03806965767007104, 0.0, 0.30599224784550316, 0.0, 0.0, 0.0, 0.0, 0.0, 0.02921581588477903, 0.0, 0.0, 0.0, 0.0, 0.11152116636098726, 0.019057948751369354, 0.0, 0.0, 0.0, 0.0, 0.0, 0.0, 0.0, 0.0, 0.0, 104.47334705826171, 60.20052361662527, -10.7191031763495, 500164.6284106164, 13, 135.72236058022156, 65.35972659899934, 49.386557923165356
soln360, 3.0, 0.20313815174671768, 0.0, 0.0, 0.018799541697871864, 0.07180170231238776, 0.04768326285930158, 0.0, 0.0, 0.08175125759694599, 0.027799892963421995, 0.04573224783441475, 0.015385265404319906, 0.01594012413591989, 0.0, 0.08443007164491693, 0.02216224657516089, 0.037004665866930006, 0.0, 0.02382205914516546, 0.0, 0.20701304984656987, 0.0, 0.0, 0.0, 0.0, 0.0, 0.0, 0.0, 0.0, 0.0, 0.0, 0.09753646036995554, 0.0, 0.0, 0.0, 0.0, 0.0, 0.0, 0.0, 0.0, 0.0, 0.0, 81.512476046314, 61.19978315383152, 8.733033510329534, 284.97163639056197, 15, 201.74356697213096, 84.13299954362823, 63.04506649846153
soln365, 3.0, 0.15965730228250266, 0.0, 0.0, 0.014893935209067982, 0.03687249606116508, 0.10131139699023163, 0.0, 0.06624176124660573, 0.05104369585877968, 0.015625276546562036, 0.03587648190392961, 0.012052031104089974, 0.010059678037692983, 0.0850504185484011, 0.05792924857113212, 0.012565139147269639, 0.011430131165679177, 0.0, 0.01289817224744733, 0.0, 0.16050620381723157, 0.0, 0.0, 0.0, 0.0, 0.0, 0.0, 0.0, 0.0, 0.0, 0.0, 0.09469230323321394, 0.0, 0.061294328028997744, 0.0, 0.0, 0.0, 0.0, 0.0, 0.0, 0.0, 0.0, 82.0399636205152, 64.59467992740285, 2.938645162408454, 356.07266242869514, 18, 207.3187157173307, 83.22021458568204, 62.99009059366569
soln370, 3.0, 0.0, 0.0, 0.0, 0.04220209312949571, 0.0, 0.03466293264336858, 0.0, 0.0, 0.047948492292720135, 0.028380970998398692, 0.039764122075985356, 0.05015372697911844, 0.02065842500848278, 0.18080428081294123, 0.08763004288532415, 0.16179018048398028, 0.028663826335656156, 0.0, 0.015922086316388195, 0.0, 0.19071093855164628, 0.0, 0.0, 0.0, 0.0, 0.0, 0.016776413129326723, 0.0, 0.0, 0.0, 0.0, 0.028929975349531813, 0.025001493007635562, 0.0, 0.0, 0.0, 0.0, 0.0, 0.0, 0.0, 0.0, 0.0, 91.91953571750611, 66.58595854367252, -13.629235942247693, 254.95230512609032, 16, 147.23345443849888, 76.67811369521547, 55.43547460878727
soln375, 3.0, 0.1962086026374636, 0.0, 0.0, 0.03762451682847124, 0.08155172945221749, 0.03279969612830097, 0.0, 0.020112496491871686, 0.07934128995761044, 0.02463326009234344, 0.028751935988564483, 0.015391036665531859, 0.020790367693562354, 0.0, 0.03447896270178835, 0.013235985621250994, 0.019735437878144944, 0.0, 0.01967402390602596, 0.0, 0.22263515071568135, 0.0, 0.0, 0.0, 0.0, 0.0, 0.0, 0.0, 0.0, 0.0, 0.0, 0.0703419414092166, 0.0, 0.08269356583195422, 0.0, 0.0, 0.0, 0.0, 0.0, 0.0, 0.0, 0.0, 84.15799594390772, 60.48266823233268, 7.093064676511712, 291.3145987490269, 17, 211.18487258727606, 79.2604528318065, 61.53972894817937
soln382, 3.0, 0.0, 0.0, 0.0, 0.05239880995627689, 0.0, 0.04869094569478521, 0.0, 0.0, 0.10641651157721778, 0.01208983575732398, 0.06325786578288968, 0.0886676962494745, 0.021930486394044567, 0.0, 0.05517489556689463, 0.03122157081548796, 0.020695359611913107, 0.0, 0.022036673764454055, 0.0, 0.3064856265148001, 0.0, 0.0, 0.0, 0.0, 0.0, 0.030285445313193753, 0.0, 0.0, 0.0, 0.0, 0.05455174336685998, 0.08609653363438385, 0.0, 0.0, 0.0, 0.0, 0.0, 0.0, 0.0, 0.0, 0.0, 102.11915373579214, 59.170276812391, -10.805314538253155, 1000000.0, 15, 150.29292289058807, 69.21952107543552, 49.612210452602596
soln395, 3.0, 0.0, 0.0, 0.0, 0.07372039333475827, 0.0, 0.1595640668924079, 0.0, 0.0, 0.09874592359546067, 0.050968524969657425, 0.015365404590572113, 0.010756833172714557, 0.0226681216102876, 0.11544252660209416, 0.0, 0.01820779444796514, 0.0652347221545165, 0.0, 0.025757751887114374, 0.0, 0.2499165657330778, 0.0, 0.0, 0.0, 0.0, 0.0, 0.023312846627193195, 0.0, 0.0, 0.0, 0.0, 0.05942144741891251, 0.010917076963267672, 0.0, 0.0, 0.0, 0.0, 0.0, 0.0, 0.0, 0.0, 0.0, 96.28206121980622, 63.04090037956961, -11.033173446247186, 500148.4501155539, 15, 179.54658993403427, 75.43653700037332, 52.05836667535533
soln404, 3.0, 0.0, 0.0, 0.0, 0.06697986618970676, 0.0, 0.0, 0.0, 0.0, 0.09966175243991937, 0.03134655699871873, 0.057132166745773184, 0.08009682976759668, 0.0, 0.12404891754271115, 0.11268022204164993, 0.04635783144567364, 0.02929035373205846, 0.0, 0.016797751393845428, 0.0, 0.28253761238714586, 0.0, 0.0, 0.0, 0.0, 0.0, 0.0, 0.0, 0.0, 0.0, 0.0, 0.05307013931520082, 0.0, 0.0, 0.0, 0.0, 0.0, 0.0, 0.0, 0.0, 0.0, 0.0, 78.97493842770746, 49.438854003283176, 6.909465032599217, 193.35321502239313, 12, 138.34407367637573, 83.91949397857556, 64.13742937340898
soln418, 3.0, 0.0, 0.0, 0.0, 0.06558500375165287, 0.0, 0.0, 0.0, 0.0, 0.19311927931063919, 0.0, 0.0, 0.02884869927753695, 0.08801752963540047, 0.0, 0.0, 0.058190311601425994, 0.03324107267710575, 0.0, 0.20645682875556395, 0.0, 0.3265412749906748, 0.0, 0.0, 0.0, 0.0, 0.0, 0.0, 0.0, 0.0, 0.0, 0.0, 0.0, 0.0, 0.0, 0.0, 0.0, 0.0, 0.0, 0.0, 0.0, 0.0, 0.0, 86.32629814673192, 56.84168909153742, 10.740599308265276, 113.38610600921179, 8, 88.94875209811734, 75.19126557406814, 59.17852927252579
soln419, 3.0, 0.11628496809579807, 0.0, 0.0, 0.025383671873404033, 0.04510739417319967, 0.10738352743629015, 0.05622689401797293, 0.06238532426851377, 0.04491059141243672, 0.01666105126625601, 0.015003333274829589, 0.027319186744240716, 0.0, 0.0, 0.06600200658253444, 0.036686883067222814, 0.037241038209371094, 0.0, 0.01753961446799524, 0.0, 0.1428870044289253, 0.0, 0.0, 0.0, 0.0, 0.0, 0.0, 0.0, 0.0, 0.0, 0.0, 0.09471780239218934, 0.0, 0.06606516185444594, 0.022194546434374192, 0.0, 0.0, 0.0, 0.0, 0.0, 0.0, 0.0, 73.13892144151274, 49.44486808754509, 6.215564796249825, 443.09537520390296, 18, 251.26269485207018, 97.14560374787843, 70.00934099771678
soln431, 3.0, 0.1921901590847333, 0.0, 0.0, 0.11422007489108973, 0.0, 0.026451635871693545, 0.0, 0.0, 0.06181501776134093, 0.02324773575839347, 0.021800358947839927, 0.012674000498415751, 0.018223753271733333, 0.1294034518609432, 0.0, 0.028980120291575224, 0.0521626878889599, 0.0, 0.021364898859617523, 0.0, 0.20050010529485274, 0.0, 0.0, 0.0, 0.0, 0.0, 0.0, 0.0, 0.0, 0.0, 0.0, 0.043178935075817326, 0.0, 0.05378706464299413, 0.0, 0.0, 0.0, 0.0, 0.0, 0.0, 0.0, 0.0, 84.68358755962015, 61.56913498806638, 4.616240147561849, 268.3298840028776, 15, 184.1688873599237, 79.42402263088766, 61.91423764457939
soln437, 3.0, 0.333657997138942, 0.0, 0.0, 0.0, 0.0, 0.0, 0.0, 0.0, 0.12987757162183963, 0.0, 0.0, 0.02980648028955995, 0.0, 0.0, 0.011963024474295664, 0.04660331371292892, 0.02431095964596249, 0.0, 0.02752948248589386, 0.0, 0.333322957479752, 0.0, 0.0, 0.0, 0.0, 0.0, 0.0, 0.0, 0.0, 0.0, 0.0, 0.06292821315082542, 0.0, 0.0, 0.0, 0.0, 0.0, 0.0, 0.0, 0.0, 0.0, 0.0, 73.82054965908787, 37.67735626181281, 22.265089343765716, 208.640563859784, 9, 144.60478735495943, 90.1878400590756, 69.58039749965303
soln470, 3.0, 0.12905539884947256, 0.0, 0.0, 0.01217389099643069, 0.0268905111740375, 0.09758755693728166, 0.0, 0.052111572175359964, 0.061060394915012126, 0.015785282621813078, 0.02777333064457845, 0.03607065744631105, 0.01958003408689479, 0.12303249206932752, 0.05289140693194292, 0.040496909086323016, 0.01929747957981714, 0.0, 0.013909078873613838, 0.0, 0.12994945776849112, 0.0, 0.0, 0.0, 0.0, 0.0, 0.01408681898907434, 0.017590521015089483, 0.0, 0.0, 0.0, 0.026766093093215152, 0.0, 0.04615414171716033, 0.037736971028753244, 0.0, 0.0, 0.0, 0.0, 0.0, 0.0, 0.0, 90.1745487039766, 68.27829977902071, -10.918518366391583, 1000000.0, 21, 295.3878475547963, 79.36360787953272, 56.634862561413016
soln522, 3.0, 0.11212017265633173, 0.0, 0.0, 0.021174860649017788, 0.04857396188636872, 0.11749396306744828, 0.0814682422656605, 0.02517011737524756, 0.05619386910357885, 0.04769993872238543, 0.03447986751495396, 0.02976527016161713, 0.026133936607378176, 0.08310085386461498, 0.0582804429631536, 0.023241142298334617, 0.01591808460004722, 0.0, 0.01735117638317234, 0.0, 0.0, 0.0, 0.06402459658903742, 0.0, 0.0, 0.0, 0.013184833237522507, 0.0, 0.0, 0.0, 0.0, 0.06101648906122282, 0.0, 0.04133037188573809, 0.022277809107168266, 0.0, 0.0, 0.0, 0.0, 0.0, 0.0, 0.0, 77.16936306120627, 72.17257875321575, -7.2889198873243, 1000000.0, 21, 390.6834983075312, 100.8182602154172, 66.18492627070873
soln525, 3.0, 0.1477268077161875, 0.0, 0.09035062536076655, 0.02794790294443269, 0.03639880651969029, 0.02792527605209834, 0.0, 0.06551400034951327, 0.05452840340956778, 0.03556883285193684, 0.03545634028791999, 0.013711254856958725, 0.0, 0.0, 0.05725085183830663, 0.012220447553511397, 0.011296275404905028, 0.0, 0.017852778526212615, 0.0, 0.15960785188468374, 0.0, 0.0, 0.0, 0.0, 0.0, 0.0, 0.0, 0.0, 0.0, 0.0, 0.09396226251592107, 0.0, 0.06085382337512034, 0.05182745855226723, 0.0, 0.0, 0.0, 0.0, 0.0, 0.0, 0.0, 74.30927604297709, 47.21317376499098, 6.7897345503458855, 417.6730263193598, 18, 279.2353264129704, 93.5464949930443, 68.95745421757425
soln553, 3.0, 0.0, 0.0, 0.03892544631902182, 0.0, 0.0, 0.0, 0.0, 0.021904680001808927, 0.052664754938774545, 0.01927488032548799, 0.0, 0.05805687291630681, 0.024821016453067654, 0.18232153355371583, 0.0, 0.08984429154245749, 0.0931307534397387, 0.0, 0.023210776155099064, 0.0, 0.18357795839026383, 0.0, 0.0, 0.0, 0.0, 0.0, 0.02041176038853349, 0.015036323077071352, 0.0, 0.0, 0.0, 0.03162209469132242, 0.14519685780733016, 0.0, 0.0, 0.0, 0.0, 0.0, 0.0, 0.0, 0.0, 0.0, 97.3713109261369, 63.31593881820761, -23.169193129151203, 1259.517370464967, 15, 131.68014848729166, 67.15448477524993, 52.44494468152226
soln569, 3.0, 0.0, 0.0, 0.0, 0.022110848709009166, 0.0, 0.0, 0.0, 0.019898378465053816, 0.06279100203148746, 0.0, 0.0, 0.04383644580479563, 0.031075096651877562, 0.0, 0.0, 0.0, 0.03298573242610066, 0.0, 0.212131269697352, 0.0, 0.2930255604276145, 0.0, 0.0, 0.0, 0.0, 0.0, 0.0, 0.0, 0.0, 0.0, 0.0, 0.0, 0.28214566578670913, 0.0, 0.0, 0.0, 0.0, 0.0, 0.0, 0.0, 0.0, 0.0, 95.80121139315673, 49.84954479378512, -4.749364016864606, 111.37276351532941, 9, 88.28338763612649, 71.25387036525797, 52.38176992477277
soln599, 3.0, 0.0, 0.0, 0.0, 0.02889834242687368, 0.0, 0.0, 0.0, 0.0, 0.07810746361503869, 0.0, 0.0, 0.07830769430152537, 0.12422726506914114, 0.0, 0.0, 0.09514942781975351, 0.07591918197016628, 0.0, 0.18641055714674512, 0.0, 0.3191392024468319, 0.0, 0.0, 0.0, 0.0, 0.0, 0.0, 0.0, 0.0, 0.0, 0.0, 0.013840865203924264, 0.0, 0.0, 0.0, 0.0, 0.0, 0.0, 0.0, 0.0, 0.0, 0.0, 87.91418023976122, 60.76074804870695, 7.841344192306036, 129.18517040579601, 9, 108.83572064739724, 75.05722912866547, 58.457131785172024
soln601, 3.0, 0.0, 0.0, 0.0, 0.0, 0.0, 0.0, 0.0, 0.0, 0.08893842660244625, 0.0, 0.0, 0.09265222817683491, 0.0, 0.0, 0.0, 0.06703707513347905, 0.061657101760578474, 0.0, 0.22099909507840085, 0.0, 0.4036171044757597, 0.0, 0.0, 0.0, 0.0, 0.0, 0.0, 0.0, 0.0, 0.0, 0.0, 0.0650989687725007, 0.0, 0.0, 0.0, 0.0, 0.0, 0.0, 0.0, 0.0, 0.0, 0.0, 74.10865680320605, 36.99349451061687, 18.1861486884086, 137.1793117751344, 7, 115.44709199522589, 88.5151284063441, 68.795400248614
soln606, 3.0, 0.14767186638306926, 0.0, 0.0, 0.020011017753838116, 0.0, 0.13506997525027553, 0.0, 0.0, 0.039564402465617196, 0.017122954021286493, 0.028696809469428715, 0.04104143098515345, 0.017182690626060475, 0.14654595800680553, 0.0, 0.07362439708485369, 0.08606450778676326, 0.0, 0.014513611454650384, 0.0, 0.14535941921123252, 0.0, 0.0, 0.0, 0.0, 0.0, 0.017194012276840583, 0.01803583659997718, 0.0, 0.0, 0.0, 0.025614787982723163, 0.010425154801229056, 0.016261167840195496, 0.0, 0.0, 0.0, 0.0, 0.0, 0.0, 0.0, 0.0, 96.86287736600637, 68.15853972642604, -17.549538206001518, 1000000.0, 18, 205.90158430611763, 69.68329980084016, 52.19804171518511
soln667, 3.0, 0.24471858259469934, 0.0, 0.0, 0.03722781520257899, 0.0, 0.0, 0.0, 0.026732532962352902, 0.0, 0.014876548947424292, 0.0, 0.07573811341416278, 0.026720596981873058, 0.0, 0.0, 0.07328057122047178, 0.022830229216537483, 0.0, 0.1107145995326175, 0.0, 0.25340645264183886, 0.0, 0.0, 0.0, 0.0, 0.0, 0.029215978773255484, 0.011839984721944986, 0.0, 0.0, 0.0, 0.037065536659459365, 0.018079708985558482, 0.01755274814522482, 0.0, 0.0, 0.0, 0.0, 0.0, 0.0, 0.0, 0.0, 108.5485618755224, 59.482702303089035, -22.067300940988073, 1000000.0, 15, 184.41662212003428, 61.80904502004489, 46.9565862042967
soln675, 3.0, 0.0, 0.0, 0.0, 0.026470314896304144, 0.0, 0.0, 0.0, 0.03339500608949138, 0.13852223202078182, 0.020769203609783935, 0.0, 0.09619570135884332, 0.06623808227083444, 0.0, 0.0, 0.06386803031231522, 0.02836229815497137, 0.0, 0.0346835189265288, 0.0, 0.3755992599269261, 0.0, 0.0, 0.0, 0.0, 0.0, 0.0, 0.0757799763887632, 0.0, 0.0, 0.0, 0.04011637604445633, 0.0, 0.0, 0.0, 0.0, 0.0, 0.0, 0.0, 0.0, 0.0, 0.0, 93.7806859161832, 54.927347768822955, -2.0368106655362457, 198.58676959433242, 12, 136.482050743107, 69.02259692480132, 54.9704159393979
soln693, 3.0, 0.12024133603419544, 0.0, 0.0, 0.018478386149023203, 0.03320214825691474, 0.11080464574405596, 0.10159568800567846, 0.011978877352294035, 0.03994789363111995, 0.034700732457064926, 0.06071485284280492, 0.030816580235934796, 0.01299405899833234, 0.12030023446898466, 0.08241777711985687, 0.037174950483590014, 0.011871844262379347, 0.0, 0.018130800724825667, 0.0, 0.0, 0.0, 0.0, 0.0, 0.0, 0.0, 0.01387753552017054, 0.010388740554329817, 0.0, 0.0, 0.0, 0.07913083325804736, 0.0, 0.016009489541657703, 0.03522259435873937, 0.0, 0.0, 0.0, 0.0, 0.0, 0.0, 0.0, 84.34478694391267, 73.36501022263869, -16.150610180965803, 1000000.0, 21, 326.5343136794969, 84.4480359283717, 60.78459065402189
soln697, 3.0, 0.20755683222255408, 0.0, 0.0, 0.018374776862121838, 0.0, 0.0, 0.0, 0.038340953638656826, 0.0594026337388005, 0.015056675825997243, 0.0, 0.04711994441635196, 0.027675435889154436, 0.0, 0.0, 0.08151222272864918, 0.01799215086728905, 0.0, 0.021892192579965403, 0.0, 0.20639399004923012, 0.0, 0.0, 0.0, 0.0, 0.0, 0.0, 0.0209301199400518, 0.0, 0.0, 0.0, 0.041230081261780405, 0.18131400957749652, 0.015207980401900703, 0.0, 0.0, 0.0, 0.0, 0.0, 0.0, 0.0, 0.0, 100.34063741861617, 56.45423440107481, -15.492999421244786, 262.10524508385754, 15, 167.03940562317734, 66.01430062891723, 50.51095342978432
soln7, 3.0, 0.0, 0.22692246888503514, 0.0, 0.0, 0.0, 0.0, 0.0, 0.0, 0.22878242040413527, 0.0, 0.0, 0.0, 0.0, 0.0, 0.0, 0.0, 0.0, 0.0, 0.24671484416169243, 0.0, 0.2975802665491372, 0.0, 0.0, 0.0, 0.0, 0.0, 0.0, 0.0, 0.0, 0.0, 0.0, 0.0, 0.0, 0.0, 0.0, 0.0, 0.0, 0.0, 0.0, 0.0, 0.0, 0.0, 68.24198954181053, 30.576664522325064, 13.578200165509687, 117.19285967327937, 4, 98.62016610708464, 94.97186293686079, 74.33097039844517
soln701, 3.0, 0.0, 0.0, 0.0, 0.027945065947073994, 0.0, 0.0, 0.0, 0.03561713796411294, 0.09134212248820617, 0.0, 0.0, 0.08580027396705646, 0.061023196279957816, 0.0, 0.0, 0.08288124980688412, 0.043980342845940226, 0.0, 0.10089438843442777, 0.0, 0.3533219659853242, 0.0, 0.0, 0.0, 0.0, 0.0, 0.0, 0.02712430127568352, 0.0, 0.0, 0.0, 0.07535052973238666, 0.014719425272945983, 0.0, 0.0, 0.0, 0.0, 0.0, 0.0, 0.0, 0.0, 0.0, 108.90761000526442, 57.09074837262458, -16.66648969982169, 173.72415631025063, 12, 115.34871283510103, 60.271717414968954, 46.4023351880178
soln73, 3.0, 0.17235681553718787, 0.0, 0.0, 0.046519781639774195, 0.0, 0.12805581407670033, 0.0, 0.0, 0.06582264328380245, 0.022964014505925515, 0.01921423509837157, 0.05764523748213348, 0.018223176055951206, 0.0, 0.0, 0.021263163963784273, 0.0337593121177615, 0.0, 0.015039827406132803, 0.0, 0.19368250504197393, 0.0, 0.0, 0.0, 0.0, 0.0, 0.0, 0.0, 0.0, 0.0, 0.0, 0.111505634505684, 0.03029898116481382, 0.06364885812000307, 0.0, 0.0, 0.0, 0.0, 0.0, 0.0, 0.0, 0.0, 93.90110418130541, 58.232283846301684, -8.204613929971122, 272.2528549544644, 15, 196.16606232742265, 69.6072000934547, 54.257295891885846
soln733, 3.0, 0.0, 0.0, 0.0, 0.053854814099635356, 0.0, 0.0, 0.0, 0.022023568355990796, 0.07564459539839488, 0.0, 0.0, 0.09176969561132041, 0.01547408256683017, 0.0, 0.0, 0.09150694378593657, 0.036750773686887415, 0.0, 0.18806651552115033, 0.0, 0.3397787988241684, 0.0, 0.0, 0.0, 0.0, 0.0, 0.0, 0.0, 0.0, 0.0, 0.0, 0.04914597036283544, 0.03598424178685035, 0.0, 0.0, 0.0, 0.0, 0.0, 0.0, 0.0, 0.0, 0.0, 102.45596139485957, 57.629603430123495, -7.014384727157736, 143.14244212065768, 11, 116.55633973306811, 66.27729164650023, 49.10285342369876
soln735, 3.0, 0.264737915621, 0.0, 0.0, 0.020150500408187944, 0.0, 0.0, 0.0, 0.0, 0.07936074491780808, 0.0, 0.0, 0.12557795129965027, 0.03558384734778621, 0.0, 0.0, 0.0, 0.03491865217347483, 0.0, 0.038301005855733275, 0.0, 0.3117299232001935, 0.0, 0.0, 0.0, 0.0, 0.0, 0.0, 0.0, 0.0, 0.0, 0.0, 0.04611484443503764, 0.029931578125157482, 0.013593036615970732, 0.0, 0.0, 0.0, 0.0, 0.0, 0.0, 0.0, 0.0, 100.76632958507489, 54.565199836201, -3.7264367498296282, 218.29117330471507, 11, 152.08069972324563, 66.22382779800121, 49.93369587750223
soln740, 3.0, 0.1578293423957758, 0.0, 0.0, 0.0, 0.05451651877849128, 0.11599574597694033, 0.0, 0.015426520787967411, 0.04128841543328223, 0.017197608597019153, 0.08597019150686698, 0.04354733832879833, 0.02419775772795232, 0.15546757602833994, 0.1119540449237979, 0.04101511404093013, 0.02628543281461888, 0.0, 0.024231091019158272, 0.0, 0.0, 0.0, 0.0, 0.0, 0.0, 0.0, 0.0193187749525751, 0.0, 0.0, 0.0, 0.0, 0.06575852668748602, 0.0, 0.0, 0.0, 0.0, 0.0, 0.0, 0.0, 0.0, 0.0, 0.0, 75.85683128368252, 72.13650981897243, -4.373275804826885, 500236.6583425912, 16, 216.77417240932985, 100.17003797690634, 67.84273014668467
soln752, 3.0, 0.2549957748697375, 0.0, 0.0, 0.02951746337642559, 0.0, 0.0, 0.0, 0.0, 0.10258200203479895, 0.0, 0.0, 0.11755273322504409, 0.04432044418188501, 0.0, 0.0, 0.0, 0.03168732120797448, 0.0, 0.04663196523208167, 0.0, 0.3296106837182071, 0.0, 0.0, 0.0, 0.0, 0.0, 0.0, 0.0, 0.0, 0.0, 0.0, 0.04310161215384559, 0.0, 0.0, 0.0, 0.0, 0.0, 0.0, 0.0, 0.0, 0.0, 0.0, 87.23422860048544, 55.37540263763374, 14.186058816603474, 214.34538438238982, 9, 149.48098978846025, 77.46984583470983, 58.92090280262115
soln755, 3.0, 0.1856417128929873, 0.0, 0.0, 0.020442010794658023, 0.0, 0.0, 0.0, 0.022230021986549105, 0.06608566129708385, 0.01680194093898218, 0.0, 0.0536680819539427, 0.03061792862152037, 0.0, 0.0, 0.042093524569373236, 0.019364302251349563, 0.0, 0.024355149474544827, 0.0, 0.23104420269799397, 0.0, 0.0, 0.0, 0.0, 0.0, 0.0, 0.020770572013289502, 0.0, 0.0, 0.0, 0.045868625918139005, 0.20409732718570092, 0.016918937403885437, 0.0, 0.0, 0.0, 0.0, 0.0, 0.0, 0.0, 0.0, 102.31416394661856, 55.90347080313431, -15.755313422641152, 291.44113180914127, 15, 171.26146095726625, 63.71256385218114, 49.28382532529455
soln769, 3.0, 0.0, 0.0, 0.0, 0.03570033333223286, 0.0, 0.0, 0.0, 0.029279643623934332, 0.15247446085244573, 0.0, 0.0, 0.07178087890102706, 0.06640068317150928, 0.0, 0.0, 0.0, 0.04507853501088915, 0.0, 0.050091173903904794, 0.0, 0.5491942912040567, 0.0, 0.0, 0.0, 0.0, 0.0, 0.0, 0.0, 0.0, 0.0, 0.0, 0.0, 0.0, 0.0, 0.0, 0.0, 0.0, 0.0, 0.0, 0.0, 0.0, 0.0, 87.50699267218155, 47.93036319545667, 12.721658964227085, 132.76066490923722, 8, 107.48890929023699, 76.32815113140762, 58.17910175534737
soln771, 3.0, 0.12270306914355968, 0.0, 0.0, 0.02629281844710326, 0.0, 0.0, 0.0, 0.02850692487114555, 0.07789274449267576, 0.0, 0.0, 0.13755627970232995, 0.04271877923663293, 0.0, 0.0, 0.0, 0.02519185846710299, 0.0, 0.0803004416026384, 0.0, 0.33930388828285407, 0.0, 0.0, 0.0, 0.0, 0.0, 0.0, 0.0, 0.0, 0.0, 0.0, 0.0697079670575504, 0.02646586623649609, 0.023359362459910885, 0.0, 0.0, 0.0, 0.0, 0.0, 0.0, 0.0, 0.0, 102.53777138271087, 55.71828588467473, -3.343363663028932, 295.33774431921603, 12, 163.2273473295686, 63.24716824081507, 49.081088579363104
soln779, 3.0, 0.13250769586932037, 0.0, 0.0, 0.020345056964160318, 0.03676037921107027, 0.12210832633284781, 0.0, 0.0132008965419534, 0.03381277829512288, 0.038240710345698044, 0.06690864822856729, 0.033960318275858714, 0.018391718249016302, 0.1325726027985149, 0.09091354970131484, 0.04096733448833015, 0.013082944524833965, 0.0, 0.0455717280876806, 0.0, 0.0, 0.0, 0.0, 0.0, 0.0, 0.0, 0.01686900435569477, 0.0, 0.0, 0.0, 0.0, 0.08720332568711048, 0.0, 0.017642689620529034, 0.03894029242237591, 0.0, 0.0, 0.0, 0.0, 0.0, 0.0, 0.0, 78.9314164599379, 73.3390740802853, -4.463585071559013, 1000000.0, 19, 311.307528518053, 96.16583679761968, 65.340894083351
soln782, 3.0, 0.0, 0.0, 0.0, 0.028400018209068116, 0.0, 0.0, 0.0, 0.023292287058955363, 0.12129515498718363, 0.0, 0.0, 0.05710249954477329, 0.05282249310156458, 0.0, 0.0, 0.0, 0.03586048352079336, 0.0, 0.22274461431793036, 0.0, 0.43689025884890675, 0.0, 0.0, 0.0, 0.0, 0.0, 0.0, 0.0, 0.0, 0.0, 0.0, 0.02159219041082459, 0.0, 0.0, 0.0, 0.0, 0.0, 0.0, 0.0, 0.0, 0.0, 0.0, 90.44604514092524, 55.33569184571731, 11.344030846473386, 124.96880635107195, 9, 97.23577382505039, 73.70799429205734, 55.9593331359203
soln792, 3.0, 0.0, 0.0, 0.0, 0.02840126680089487, 0.0, 0.0, 0.0, 0.016181028737446323, 0.05951333235702602, 0.012711577364999045, 0.0, 0.05115606684575628, 0.031781051561674746, 0.0, 0.0, 0.07411100051916686, 0.023053876141457375, 0.0, 0.15609832745066018, 0.0, 0.2767513589832312, 0.0, 0.0, 0.0, 0.0, 0.0, 0.0, 0.0, 0.0, 0.0, 0.0, 0.03614042297342917, 0.2341006902642579, 0.0, 0.0, 0.0, 0.0, 0.0, 0.0, 0.0, 0.0, 0.0, 98.72333046839577, 55.61231632288659, -9.477921404542958, 151.64641576273326, 12, 113.65541570436493, 67.37733647675309, 52.07474217989084
soln793, 3.0, 0.2500853740274369, 0.0, 0.0, 0.020659877520126605, 0.0, 0.0, 0.0, 0.032673723403441976, 0.07984637772018215, 0.022858258726627265, 0.0, 0.07316363015461619, 0.03870756464852659, 0.0, 0.0, 0.032582296739731544, 0.02958528610493105, 0.0, 0.03506674465010665, 0.0, 0.3184212303544169, 0.0, 0.0, 0.0, 0.0, 0.0, 0.0, 0.018449072481275055, 0.0, 0.0, 0.0, 0.031536146343825414, 0.0, 0.016364417124755663, 0.0, 0.0, 0.0, 0.0, 0.0, 0.0, 0.0, 0.0, 95.5600884602277, 57.800044011096176, 1.1325643432947519, 270.4352667785154, 14, 179.94839464804085, 68.45587136651902, 52.83845753493283
soln796, 3.0, 0.0, 0.0, 0.0, 0.021732888213627857, 0.0, 0.0, 0.0, 0.0748900830122102, 0.0974555355164526, 0.0, 0.0, 0.09370233569436233, 0.0, 0.0, 0.0, 0.10181595222783103, 0.033883146456569375, 0.0, 0.15133317594784668, 0.0, 0.36131514075516913, 0.0, 0.0, 0.0, 0.0, 0.0, 0.0, 0.0, 0.0, 0.0, 0.0, 0.06387174217593082, 0.0, 0.0, 0.0, 0.0, 0.0, 0.0, 0.0, 0.0, 0.0, 0.0, 79.70484997646751, 42.91834881849897, 13.77269065328917, 154.234401940094, 9, 118.09346650908019, 83.11579941967769, 63.238428204568066
soln803, 3.0, 0.0, 0.0, 0.0, 0.027525158977561155, 0.0, 0.0, 0.0, 0.019876441555626373, 0.0809814144675647, 0.018753124145662433, 0.0, 0.09818221230763756, 0.03866159577720656, 0.0, 0.0, 0.09296551590260915, 0.04064616633962557, 0.0, 0.1375542934052015, 0.0, 0.3131438166585513, 0.0, 0.0, 0.0, 0.0, 0.0, 0.036391989892731604, 0.0275122175327459, 0.0, 0.0, 0.0, 0.04657043623992792, 0.021235616797348297, 0.0, 0.0, 0.0, 0.0, 0.0, 0.0, 0.0, 0.0, 0.0, 108.31236879692446, 61.09999026313969, -19.520113575263245, 1000000.0, 14, 137.42316852076738, 62.24020778385049, 46.763926211060664
soln811, 3.0, 0.0, 0.0, 0.0, 0.01800378841255404, 0.0, 0.0, 0.0, 0.0, 0.06296582638600608, 0.0, 0.0, 0.059954000320605924, 0.03541864520799742, 0.0, 0.0, 0.03386027883021077, 0.028623253762358997, 0.0, 0.08437233080853283, 0.0, 0.34393398703242517, 0.0, 0.0, 0.0, 0.0, 0.0, 0.0, 0.0, 0.0, 0.0, 0.0, 0.04451575175684083, 0.28835213748246796, 0.0, 0.0, 0.0, 0.0, 0.0, 0.0, 0.0, 0.0, 0.0, 102.85843442526753, 51.74027542154023, -6.143175996474097, 116.55632799028956, 10, 97.40329454711582, 63.896085525595325, 49.496406202461635
soln847, 3.0, 0.0, 0.2391871610021559, 0.0, 0.025745267649810177, 0.0, 0.0, 0.0, 0.03281340439643209, 0.0, 0.0, 0.0, 0.07908643629073658, 0.05621953170731069, 0.0, 0.0, 0.0, 0.040518268951077636, 0.0, 0.09295211682548324, 0.0, 0.32550893234881556, 0.0, 0.0, 0.0, 0.0, 0.0, 0.0, 0.024989112478000005, 0.0, 0.0, 0.0, 0.06941903659090826, 0.013560731759269772, 0.0, 0.0, 0.0, 0.0, 0.0, 0.0, 0.0, 0.0, 0.0, 111.10564246972346, 50.80115495472773, -23.583895650332444, 164.56994109525863, 11, 112.18682930270113, 56.90585177170872, 45.781044995252515
soln854, 3.0, 0.24671406665876636, 0.0, 0.0, 0.021173867740559137, 0.0, 0.0, 0.0, 0.028946773677109967, 0.06521393599695727, 0.01788748648910823, 0.0, 0.059118005913950555, 0.032623732638040165, 0.0, 0.0, 0.07765329855161192, 0.027674964608694116, 0.0, 0.055783250359032026, 0.0, 0.25312814097039876, 0.0, 0.0, 0.0, 0.0, 0.0, 0.027773248907802927, 0.016043888034731214, 0.0, 0.0, 0.0, 0.04167331066822317, 0.013581917531794586, 0.015010111253219514, 0.0, 0.0, 0.0, 0.0, 0.0, 0.0, 0.0, 0.0, 104.91672887590497, 62.05368443228134, -16.58220326908975, 1000000.0, 16, 190.16113243168473, 63.897464590735055, 48.888162103475935
soln899, 3.0, 0.19179131523458093, 0.0, 0.0, 0.015354218832366895, 0.0, 0.0, 0.0, 0.0, 0.04431613512563697, 0.0, 0.0, 0.0, 0.01934043335969074, 0.0, 0.05653080247320331, 0.0, 0.13088133950535935, 0.0, 0.023154363798102266, 0.0, 0.3290111305130909, 0.0, 0.0, 0.0, 0.0, 0.0, 0.0174933557371288, 0.03409817859339308, 0.0, 0.0, 0.0, 0.12213020009664383, 0.0, 0.015898526730803022, 0.0, 0.0, 0.0, 0.0, 0.0, 0.0, 0.0, 0.0, 96.60075360890582, 59.145264761073356, 6.340503079401954, 1000000.0, 12, 182.93923747760647, 73.22911427404057, 52.96509223506084
soln9, 2.0, 0.0, 0.0, 0.0, 0.0, 0.0, 0.0, 0.0, 0.0, 0.0, 0.0, 0.0, 0.0, 0.4248707024876357, 0.0, 0.0, 0.0, 0.0, 0.0, 0.0, 0.0, 0.5751292975123643, 0.0, 0.0, 0.0, 0.0, 0.0, 0.0, 0.0, 0.0, 0.0, 0.0, 0.0, 0.0, 0.0, 0.0, 0.0, 0.0, 0.0, 0.0, 0.0, 0.0, 0.0, 42.07949156714315, 18.57888764531119, -1.3041024560107604, 86.01526951224162, 2, 72.51097793389974, 75.42758287419733, 60.01830175887464
soln904, 3.0, 0.26226306330113924, 0.0, 0.0, 0.1050051619993105, 0.0, 0.0, 0.0, 0.0, 0.06804440947797973, 0.0, 0.0, 0.056168786909225575, 0.0, 0.0, 0.01701296338772314, 0.0, 0.0, 0.0, 0.04121829697291427, 0.0, 0.45028731795170746, 0.0, 0.0, 0.0, 0.0, 0.0, 0.0, 0.0, 0.0, 0.0, 0.0, 0.0, 0.0, 0.0, 0.0, 0.0, 0.0, 0.0, 0.0, 0.0, 0.0, 0.0, 76.06127571368442, 30.821600239312094, 24.799628690800564, 205.5515599630638, 7, 131.33404092998487, 88.15009814904381, 65.72792556942345
soln929, 3.0, 0.23120475517111527, 0.0, 0.0, 0.09911512583852547, 0.0, 0.0, 0.0, 0.0, 0.1362579575913561, 0.0, 0.0, 0.0, 0.0, 0.0, 0.0, 0.0, 0.0, 0.0, 0.011568013454175049, 0.0, 0.5218541479448281, 0.0, 0.0, 0.0, 0.0, 0.0, 0.0, 0.0, 0.0, 0.0, 0.0, 0.0, 0.0, 0.0, 0.0, 0.0, 0.0, 0.0, 0.0, 0.0, 0.0, 0.0, 73.3799198361462, 24.983455421358745, 25.51120148547816, 188.28467728976975, 5, 129.9752159407804, 91.71286473136486, 69.04070336994235
soln952, 3.0, 0.19889853557566814, 0.0, 0.0, 0.01477864650642622, 0.0, 0.0, 0.0, 0.01100573156510551, 0.0, 0.0, 0.0, 0.029358718542256614, 0.026915218683255183, 0.0, 0.05453026085983104, 0.0, 0.0, 0.0, 0.031080647973096547, 0.0, 0.33184610442878115, 0.0, 0.0, 0.0, 0.0, 0.0, 0.022367613751620774, 0.0, 0.0, 0.0, 0.0, 0.2196665018415376, 0.03418475554127943, 0.025367264731141932, 0.0, 0.0, 0.0, 0.0, 0.0, 0.0, 0.0, 0.0, 111.11841984445607, 53.369646353037965, -10.741979544881545, 1000000.0, 12, 199.28678174797878, 58.713409788897664, 45.481097528031704
soln958, 3.0, 0.216909373674537, 0.0, 0.06038436733168193, 0.03702523003743737, 0.0, 0.0, 0.0, 0.0, 0.037851447429836406, 0.0, 0.0, 0.06500816339969284, 0.0, 0.0, 0.05728440587299957, 0.0, 0.027606816583999737, 0.0, 0.015158164658580092, 0.0, 0.3578079092981413, 0.0, 0.0, 0.0, 0.0, 0.0, 0.0, 0.0, 0.0, 0.0, 0.0, 0.12496412171309378, 0.0, 0.0, 0.0, 0.0, 0.0, 0.0, 0.0, 0.0, 0.0, 0.0, 76.91769027783123, 38.87090674028749, 26.657963474731606, 220.44939959831112, 10, 156.91041581062274, 88.160035920834, 65.06231476222186
baseline, 0.0, 0.0, 0.0, 0.0, 0.0, 0.0, 0.0, 0.0, 0.0, 0.0, 0.0, 0.0, 0.0, 0.0, 0.0, 0.0, 0.0, 0.0, 0.0, 0.0, 0.0, 0.0, 0.0, 0.0, 0.0, 0.0, 0.0, 0.0, 0.0, 0.0, 0.0, 0.0, 0.0, 0.0, 0.0, 0.0, 0.0, 0.0, 0.0, 0.0, 0.0, 0.0, 0.0, 0.0, 0.0, 0.0, 1000000.0, 0, 1000000.0, 1000000.0, 1000000.0
friant16, 1.0, 0.022890257, 0.06162258599999999, 0.073845762, 0.0, 0.017610656000000002, 0.028243958, 0.040607704, 0.025589446000000002, 0.135494501, 0.0077030959999999996, 0.031784396, 0.029784795, 0.0, 0.134481079, 0.0, 0.11488389800000001, 0.063438028, 0.0, 0.136207165, 0.0, 0.0, 0.0, 0.0, 0.0, 0.0, 0.0, 0.0, 0.0, 0.0, 0.0, 0.0, 0.0, 0.0, 0.0, 0.0, 0.0, 0.0, 0.0, 0.0, 0.0, 0.0, 0.075812672, 50.793163445688094, 40.14024255383384, -0.5928615131131335, 1000000.0, 16, 1000000.0, 71.8345233899544, 50.75402392614694
alt3, 3.0, 0.0, 0.0, 0.0, 0.0, 0.0, 0.0, 0.0, 0.0, 0.3381612256546455, 0.0, 0.0, 0.0, 0.2985623628556568, 0.0, 0.0, 0.0, 0.0, 0.0, 0.0, 0.0, 0.3632764114896976, 0.0, 0.0, 0.0, 0.0, 0.0, 0.0, 0.0, 0.0, 0.0, 0.0, 0.0, 0.0, 0.0, 0.0, 0.0, 0.0, 0.0, 0.0, 0.0, 0.0, 0.0, 77.50238252298158, 40.984978969085596, 6.2114292397694175, 113.7573335437838, 3, 86.76988151401841, 84.23890630366448, 66.70158881143904
alt8, 3.0, 0.0, 0.0, 0.0223375215085865, 0.0, 0.0, 0.0, 0.0, 0.0, 0.0, 0.0, 0.0, 0.0, 0.0, 0.0, 0.1794291485898997, 0.0, 0.0, 0.0897598541362769, 0.0890444390183038, 0.0, 0.0, 0.0, 0.0, 0.0, 0.2042886185766813, 0.0, 0.0, 0.0, 0.0, 0.0, 0.0, 0.1427780807519122, 0.0, 0.0, 0.0, 0.0, 0.0, 0.1230885688261011, 0.0, 0.0, 0.1492737685922382, 0.0, 44.914626088684784, 25.28802082710238, 2.640060291822067, 1000000.0, 8, 300.7399624412021, 243.81658310839575, 105.37418700745937
